id;target
0;0.39093892452878515
1;0.6669793447035408
2;0.5790782527642484
3;0.3747356761759138
4;0.4247313287688284
5;0.3968480383582655
6;0.5250678284464917
7;0.4781630512546851
8;0.2939921883915439
9;0.5448109663383829
10;0.3433748291854526
11;0.6132234103437513
12;0.32895076886386465
13;0.38871315907789916
14;0.4421957450801579
15;0.5524227885550445
16;0.5027964756492712
17;0.6098523195769607
18;0.6175451393598754
19;0.4666597145565109
20;0.38591204132101814
21;0.4316599892253478
22;0.2818739061123662
23;0.6550132784655914
24;0.27833007479496946
25;0.30103589192891633
26;0.27817523583956755
27;0.5333060438445785
28;0.5119656183270245
29;0.6676412678681207
30;0.6120706596655303
31;0.4305956397830061
32;0.3581261289823334
33;0.5200659092919694
34;0.322710551986208
35;0.4496464117606675
36;0.6177174896785352
37;0.27572624413673286
38;0.49485224380566617
39;0.5516500220902757
40;0.39100426973622826
41;0.422446464605997
42;0.3494966744393181
43;0.546082834683222
44;0.4462122998408195
45;0.5984421379753293
46;0.35094061593687875
47;0.41846280607703423
48;0.46603859497095534
49;0.5995976544486133
50;0.3650007044185652
51;0.3923366841163792
52;0.5354288329034665
53;0.3483073681242123
54;0.6040321512446731
55;0.2844882145129782
56;0.46877999095628375
57;0.3874565023974224
58;0.5350234388717867
59;0.5314927769614111
60;0.4188664752690278
61;0.6053554338994326
62;0.4358670848401105
63;0.29383751336320385
64;0.5695420568099723
65;0.5136998355711171
66;0.27269253920567027
67;0.53821325581525
68;0.6206273852532037
69;0.4153214421067478
70;0.6452338316616185
71;0.5442966739524593
72;0.4649270100384653
73;0.3800529588259557
74;0.30087274969249245
75;0.3551895646658478
76;0.3823444353040696
77;0.2803839038159525
78;0.5312913048633539
79;0.5449089689118712
80;0.46411151275797263
81;0.2729114122314965
82;0.46313026195180484
83;0.5210552235581326
84;0.4155205579263524
85;0.491197446489071
86;0.5296369018876113
87;0.3782932520008849
88;0.6047055173456435
89;0.5413030237069875
90;0.27276020479197244
91;0.38065468478626435
92;0.4296988205976969
93;0.39771368992189
94;0.6658451950436814
95;0.3643764292515318
96;0.4200014453547646
97;0.654950440650247
98;0.41040567685695517
99;0.3953554456700416
100;0.566863667058289
101;0.39877917094282017
102;0.3047192035850742
103;0.32451560603392526
104;0.383089503576055
105;0.5144458100097203
106;0.3148025763316814
107;0.2894232652348699
108;0.33972929139569896
109;0.5131420362352211
110;0.2889688610353048
111;0.531639437571598
112;0.2803587467956918
113;0.2752489594947506
114;0.39588280226395367
115;0.4118257344352859
116;0.6525667541882127
117;0.3964545588863679
118;0.28929137214294265
119;0.3366937894843204
120;0.5337328963777935
121;0.3807647927668366
122;0.2933161460680968
123;0.4324265663146901
124;0.45154173408436626
125;0.6649773868431195
126;0.673634052509397
127;0.5209206436415146
128;0.5324414978412139
129;0.5124532282283663
130;0.29841345925287094
131;0.4249284866671406
132;0.4259327064145175
133;0.45303316808317406
134;0.5320657979854615
135;0.5241854712718419
136;0.4402751926454015
137;0.49343935389505267
138;0.618271404271988
139;0.2718876540796071
140;0.6055295997068261
141;0.5825437753383808
142;0.41092703981409057
143;0.28722507201574404
144;0.5259945180922834
145;0.4612675258530425
146;0.5309430948278325
147;0.3283588207230919
148;0.30675079573631014
149;0.2824270571440379
150;0.3540258459939508
151;0.6592918327517486
152;0.3231630476949606
153;0.3727568733776815
154;0.4113469434480087
155;0.32596026697352065
156;0.4361336182226802
157;0.3974576068134243
158;0.3534900324762195
159;0.676198294106641
160;0.3754013822883577
161;0.6333990144049151
162;0.27902944377456895
163;0.4875184707850444
164;0.37674956845504426
165;0.5261247147806188
166;0.30952417060708587
167;0.2730895169980848
168;0.42168473329971184
169;0.36129333208954806
170;0.5039002433421905
171;0.5336947957381911
172;0.4199508997530307
173;0.5295340132380054
174;0.5958704482280553
175;0.6043581861729961
176;0.6187538045341909
177;0.4021841552740697
178;0.33880930714664526
179;0.5301582937346107
180;0.527658007995831
181;0.2758624057449771
182;0.4462122998408195
183;0.4458584520955947
184;0.5937921151783174
185;0.506603614546472
186;0.6674634892063924
187;0.4523518360633617
188;0.6025831344979272
189;0.6496081630615668
190;0.5673661157353268
191;0.545751682287392
192;0.27397253940749944
193;0.549414504406268
194;0.4022108659540974
195;0.47176808937138925
196;0.4256159100865746
197;0.3908842032104182
198;0.37993699715411333
199;0.2775595859230283
200;0.4094398796672948
201;0.28929137214294265
202;0.6083500209051793
203;0.503982991917269
204;0.5118724457959619
205;0.4497707562724381
206;0.4182639617936905
207;0.606734423404901
208;0.6078449031005033
209;0.6576933694657063
210;0.4203287047880465
211;0.3776553558436518
212;0.29910264879993514
213;0.4424433497787067
214;0.4793546874704438
215;0.4309933268258284
216;0.45401172553735736
217;0.40571005875805044
218;0.5000160032807905
219;0.40706052288018746
220;0.5228248533497067
221;0.36718883567628136
222;0.41294592404603697
223;0.4461829151278124
224;0.48535471597823515
225;0.3955474386952975
226;0.27365193365766816
227;0.48479971446203296
228;0.6092559210310518
229;0.4463372867042995
230;0.5211402697385348
231;0.4091440044262941
232;0.37476309078212644
233;0.58924857520901
234;0.3824424309663127
235;0.5551631465138637
236;0.2824270571440379
237;0.49777845955525635
238;0.37562945567855505
239;0.3851721605040874
240;0.3798667076173239
241;0.2759236818809871
242;0.280716243076475
243;0.5094632294766844
244;0.48690819573136845
245;0.28683235819473596
246;0.38952112689670626
247;0.5352536225623115
248;0.5919647707730988
249;0.2771296614534796
250;0.6333990144049151
251;0.4529251459366944
252;0.3518045404770204
253;0.5071978807786042
254;0.3516407506453013
255;0.4875184707850444
256;0.4613253235368956
257;0.5261360754280988
258;0.4126690766594905
259;0.3667061108574138
260;0.4750367729583947
261;0.48208272673755415
262;0.3700309650958689
263;0.34092088689950334
264;0.4449750211461782
265;0.6089525180870223
266;0.6131477278340729
267;0.5366653601505698
268;0.4274987763352619
269;0.6647806755345306
270;0.3780118266114365
271;0.2889211961211414
272;0.3643819814568013
273;0.6499903036507751
274;0.29631110023902674
275;0.47158544408794845
276;0.38583956936285263
277;0.40222782055148415
278;0.30202997611424215
279;0.4754134374571374
280;0.5204349004685559
281;0.4830647962283893
282;0.4638889221859731
283;0.4861310399602895
284;0.37394453921474674
285;0.364248765252395
286;0.37738392167306484
287;0.31543900858124035
288;0.5267244025610057
289;0.39139089442495634
290;0.3509360342521263
291;0.35335990395809336
292;0.29047875994791095
293;0.39677965648803243
294;0.5287541326461666
295;0.47541749385715376
296;0.45303316808317406
297;0.4189462893670518
298;0.29088295156640953
299;0.4972471520663924
300;0.28665704471788045
301;0.6653323302003085
302;0.45259296523039494
303;0.3434680327476062
304;0.424245698710722
305;0.4275475505424762
306;0.536551236577868
307;0.5967550135370798
308;0.3531371901631336
309;0.3064554408568202
310;0.45592276968574286
311;0.3090565550922384
312;0.2755746193766758
313;0.5330830662705551
314;0.41347901278185334
315;0.5244545074463991
316;0.4037861080288557
317;0.40471195025959694
318;0.49115573444996696
319;0.5319987733111378
320;0.3544175550278438
321;0.3273708186077426
322;0.5486768482756459
323;0.29345167936537003
324;0.4903782702137619
325;0.5349230197701869
326;0.2818637282380768
327;0.42929154580164364
328;0.4565701196306338
329;0.3515493731890157
330;0.5459081977896572
331;0.31835971777260513
332;0.42728320425492183
333;0.5776147316735112
334;0.5269983410285963
335;0.599714708787149
336;0.4471863174561583
337;0.27847818082032916
338;0.5585538162179653
339;0.35549303193173537
340;0.2975231511407458
341;0.455909874813767
342;0.3510377856753267
343;0.3688226141208378
344;0.3050464598724879
345;0.545751682287392
346;0.589382195990811
347;0.5204349004685559
348;0.5115144958374593
349;0.3874565023974224
350;0.38745179269844787
351;0.3382407132057125
352;0.37879872877096127
353;0.3559875919904171
354;0.6163682430949298
355;0.2959314536640526
356;0.3839092878975904
357;0.3078027986060209
358;0.2933161460680968
359;0.5026309303543214
360;0.450055718980669
361;0.5152372682800226
362;0.40571005875805044
363;0.42643752396623447
364;0.27664813054081766
365;0.381204881694588
366;0.3778002740356082
367;0.31752961272177693
368;0.5093117312931242
369;0.4363812094358358
370;0.519610335817069
371;0.4141318303527612
372;0.4141318303527612
373;0.3254033891323915
374;0.38591204132101814
375;0.3522508992164711
376;0.2726560211093193
377;0.42016378804407867
378;0.5364903432019409
379;0.4519724823067732
380;0.4745925627300897
381;0.442996577392334
382;0.3941881908335876
383;0.37656611302795107
384;0.41563117585643283
385;0.34122483248242075
386;0.4231675890332392
387;0.40249275560876746
388;0.5876237871797872
389;0.48693712542901046
390;0.307021694078911
391;0.4037861080288557
392;0.6618816856887717
393;0.34968680598926244
394;0.4100326597296008
395;0.29344026810484547
396;0.3751735963064474
397;0.33947602629628737
398;0.27357208559564283
399;0.5632198284256248
400;0.3657863774217664
401;0.5871480744993177
402;0.36813906059542373
403;0.4214256864255204
404;0.3802271178761475
405;0.37682036186816087
406;0.6649831664705921
407;0.391360737161758
408;0.34416850904302443
409;0.43251291903029243
410;0.3818415191710288
411;0.29769342706573293
412;0.4581934067562111
413;0.3830825056917479
414;0.29347213874139744
415;0.4397375275813166
416;0.28223345618400736
417;0.5170296395672489
418;0.3979780273269877
419;0.46274005085723136
420;0.3467490807241797
421;0.4102790257377572
422;0.5290061005273179
423;0.5346047558485518
424;0.5915605694654131
425;0.5325226252011496
426;0.4151570715011187
427;0.6624274268857695
428;0.3563541753981981
429;0.34002869686577275
430;0.391706510223959
431;0.6053554338994326
432;0.6776638946753925
433;0.5153343098581309
434;0.5260309168756899
435;0.5167200630839368
436;0.5675407308192569
437;0.38332819647732386
438;0.4987707556178627
439;0.49291945989974195
440;0.5002582170947504
441;0.6146990377322158
442;0.6150741030121685
443;0.416931636934914
444;0.4160767610665498
445;0.5444256274920375
446;0.3918273362540387
447;0.42098959011187836
448;0.5794257523950594
449;0.2736691717001803
450;0.3902599476473968
451;0.39378613205659385
452;0.4172694125035723
453;0.3751019805201429
454;0.4487828071900359
455;0.6052151567640962
456;0.4472848150808538
457;0.27833007479496946
458;0.3859676278186037
459;0.5474769339646625
460;0.4921062416633564
461;0.27886442845252774
462;0.4456577180403369
463;0.3876366341414481
464;0.4601591563729718
465;0.43750772205488386
466;0.5176923452412524
467;0.36166426199124957
468;0.33235740557154686
469;0.529433844717705
470;0.417042725274145
471;0.41956836036325207
472;0.2745534414748684
473;0.5214477705480418
474;0.6692658958806721
475;0.44699009964140035
476;0.2769295036688734
477;0.5324611213526367
478;0.3273708186077426
479;0.40718627265229096
480;0.37682036186816087
481;0.42881243592334145
482;0.4018106786035486
483;0.4228064139108647
484;0.3048943101117082
485;0.5388239987109752
486;0.4372317090385409
487;0.38140277195598615
488;0.45407079980924897
489;0.6416982181521336
490;0.3687550465086865
491;0.2896105290471383
492;0.5120768150039778
493;0.5004230544422864
494;0.39588280226395367
495;0.5247022218930424
496;0.518328941315773
497;0.27787667669995664
498;0.3595588670236715
499;0.4677206837279474
500;0.3783101672787434
501;0.45894819240524837
502;0.66717319148542
503;0.6635404838842172
504;0.27540386041733445
505;0.3439515926740748
506;0.6508770385847354
507;0.676349822434835
508;0.6708942801336788
509;0.3024636909889128
510;0.2869101605173197
511;0.6670439333092674
512;0.5314927769614111
513;0.28061538041006484
514;0.5886263549374722
515;0.6510183145040342
516;0.5250678284464917
517;0.5366977794755721
518;0.5136907114843188
519;0.5278675261097253
520;0.4268670230166773
521;0.28700459217124413
522;0.42066397223976004
523;0.3315074370291571
524;0.3470592672260654
525;0.2979126311414285
526;0.6727377132472842
527;0.5076389854718772
528;0.3605821191176005
529;0.40599583403026135
530;0.41038926300074774
531;0.5018305126343197
532;0.40008257055592783
533;0.596591411871201
534;0.3551895646658478
535;0.36982829333942646
536;0.2981102806820155
537;0.40440827003753227
538;0.35413936672954155
539;0.41481954673465243
540;0.6635846791814121
541;0.27802931055770663
542;0.5474769339646625
543;0.2729105233697471
544;0.4105323601298602
545;0.43349198031923136
546;0.3692218782874793
547;0.3876366341414481
548;0.27580205426173365
549;0.31798927489531503
550;0.5967216699041559
551;0.5322572017835745
552;0.5356489369350574
553;0.6013575444403975
554;0.5261247147806188
555;0.516336325925018
556;0.5097086925541967
557;0.35089947756959183
558;0.4366211058967668
559;0.36129333208954806
560;0.42205448641243565
561;0.39922017315383457
562;0.3285775645525916
563;0.5402439648281059
564;0.39044510665629695
565;0.4102271744466209
566;0.5465496595653871
567;0.667167325496259
568;0.3795437352665793
569;0.3597392840970377
570;0.494213959340279
571;0.3071174961894421
572;0.4353122499782649
573;0.6743862094171506
574;0.3949038081746533
575;0.611809833473077
576;0.5673661157353268
577;0.39588280226395367
578;0.4765068563057876
579;0.37814231999849535
580;0.3771942687383059
581;0.2779289130395977
582;0.38244597236800104
583;0.3595588670236715
584;0.3441241528104609
585;0.39236086320382463
586;0.6047401299719841
587;0.35945202701081674
588;0.5270324180898168
589;0.3803280506858821
590;0.45897588702284403
591;0.46140864454189706
592;0.3551601898145768
593;0.3786819337316793
594;0.5399505196987316
595;0.27295199486913135
596;0.5124532282283663
597;0.2881787144791486
598;0.43639896743812645
599;0.3172113019437594
600;0.419529007671828
601;0.494535657524235
602;0.40768573824158094
603;0.4285797929084357
604;0.4363812094358358
605;0.37575328742893044
606;0.40270518638216196
607;0.3859750691029126
608;0.6029842006800414
609;0.428163666868463
610;0.6728955792469534
611;0.3815343470651357
612;0.5936645250260405
613;0.5863798712379358
614;0.27681081414691194
615;0.4096420341747959
616;0.4579713094822416
617;0.5352536225623115
618;0.44256353571355433
619;0.43881422530040587
620;0.29622957063359356
621;0.4827275933596912
622;0.37182832970693636
623;0.4875184707850444
624;0.5144595340367754
625;0.3248428155372053
626;0.6123176577381665
627;0.5363121920179406
628;0.4526714707835892
629;0.473139697028537
630;0.4473352814605951
631;0.2941980899648494
632;0.391360737161758
633;0.3804141067147789
634;0.4864462906078291
635;0.506603614546472
636;0.5085742578035662
637;0.4026631920835591
638;0.6780680339358283
639;0.4192942046507941
640;0.5222029519516775
641;0.539269493047297
642;0.6040321512446731
643;0.47176808937138925
644;0.49625304682914056
645;0.3747104504825137
646;0.34538260610981864
647;0.28537510556994816
648;0.5283382649222369
649;0.33684632157368743
650;0.3315962382516268
651;0.5267244025610057
652;0.4246955675502422
653;0.44774008196175413
654;0.2831457282171167
655;0.2917208580912859
656;0.5312137163384644
657;0.5136998355711171
658;0.31947779105630864
659;0.41339003135978764
660;0.4127822532182611
661;0.429197088111042
662;0.4168965306025171
663;0.6106839417268198
664;0.35127763565181236
665;0.3550607088738838
666;0.4669411029976094
667;0.49982199134652633
668;0.41472550931933994
669;0.4250030420411191
670;0.44384698679222884
671;0.2801663458636511
672;0.2938423615891382
673;0.3857806230658573
674;0.5936645250260405
675;0.2867185882875527
676;0.37036081982663405
677;0.47565631415829523
678;0.3780433711674182
679;0.5962640557613098
680;0.5831802916092157
681;0.6198782822644675
682;0.4243760701835198
683;0.5288939644708878
684;0.3064554408568202
685;0.5008180969927394
686;0.3620736976967984
687;0.28683235819473596
688;0.27644746246539115
689;0.6567225763354837
690;0.3013372861816942
691;0.46627234166472337
692;0.3882261099447425
693;0.3364246943714475
694;0.3554544051288515
695;0.46689935514873565
696;0.4903782702137619
697;0.3002077969695931
698;0.2874901702021462
699;0.3794755273423427
700;0.42011348236644946
701;0.3462230050749778
702;0.41829672737341256
703;0.5345672779739697
704;0.4191187509755333
705;0.3118824255409181
706;0.35492190654034667
707;0.5950593145291327
708;0.5330603970893653
709;0.533125122857048
710;0.6015247963504378
711;0.3047192035850742
712;0.5763580180386749
713;0.42688790282016614
714;0.2894232652348699
715;0.4918447753462277
716;0.2889688610353048
717;0.4964245693353826
718;0.5101009461648335
719;0.28040450369419395
720;0.34894908000341535
721;0.6685817683192112
722;0.41630943101934725
723;0.4343845073846525
724;0.42698000967805216
725;0.5125128054155609
726;0.5368767146028743
727;0.5209206436415146
728;0.3680088959229578
729;0.2915494901600614
730;0.5193382321586227
731;0.5448109663383829
732;0.38730497712238054
733;0.4932399484710589
734;0.56380639942101
735;0.35470394039122033
736;0.41496390229562535
737;0.6669841190731242
738;0.2866039161692385
739;0.38186698230274885
740;0.6118736712143926
741;0.39752161178409057
742;0.5959837059519163
743;0.6129974734112309
744;0.3308091151598357
745;0.5184005170914576
746;0.33757124814757355
747;0.30954157524614745
748;0.42273641383312566
749;0.39347104736354827
750;0.5330576352369732
751;0.39164420123407956
752;0.5707509753847054
753;0.39084065332500656
754;0.5676657997510797
755;0.35368581252238845
756;0.4865892091125189
757;0.5157404330690427
758;0.356721947851366
759;0.43618136608915775
760;0.39494209758005805
761;0.6088769196725509
762;0.47431873063215574
763;0.42793311038468307
764;0.3786896240229233
765;0.3816580178714929
766;0.5072453428200778
767;0.42500607095550436
768;0.6384751487853247
769;0.3942376331678147
770;0.4441564681841662
771;0.6477593768039707
772;0.3411207637133383
773;0.42951305268738327
774;0.28518837513990736
775;0.2829131423732772
776;0.6012442324745558
777;0.5273909312583939
778;0.45323848594760197
779;0.5247395210548866
780;0.541914847780727
781;0.29106944315271344
782;0.4780297664756227
783;0.3936019442147348
784;0.347389538440538
785;0.43863551923781313
786;0.3771148274445383
787;0.35908773203086636
788;0.3129754788362887
789;0.5247063778352345
790;0.3507461736740651
791;0.592360415715218
792;0.5193593402831999
793;0.3059851530085108
794;0.6079888050894984
795;0.5216629771621653
796;0.38307498193461526
797;0.6098585073196252
798;0.3474267670043031
799;0.3710265931829675
800;0.39228645367159304
801;0.5257163481824352
802;0.4984119206608472
803;0.5171346434451812
804;0.43865598047504173
805;0.43897117077441516
806;0.4832323913860689
807;0.6132234103437513
808;0.2747782383422747
809;0.525670019603106
810;0.45010450628800686
811;0.5684144730890943
812;0.5960815663573253
813;0.3276656193534283
814;0.27527850195156034
815;0.28665704471788045
816;0.3254033891323915
817;0.3163924816801158
818;0.5756680814774564
819;0.3812876059723365
820;0.41980776351937577
821;0.40799094182647766
822;0.34864643971788206
823;0.6671341177958955
824;0.40017507816377434
825;0.5389786722943903
826;0.41563117585643283
827;0.6200089415366347
828;0.35808214548986805
829;0.41268154403186497
830;0.27892428971798433
831;0.46197263429467117
832;0.5167856198644024
833;0.4009382450085284
834;0.5711856621667263
835;0.4272037020603374
836;0.4483807237493795
837;0.6565119157411965
838;0.4207212382304892
839;0.27934852227528334
840;0.47063093171787307
841;0.46187281069042196
842;0.2813922420697386
843;0.5763734382125998
844;0.5902325052518882
845;0.36388129612452946
846;0.5905725778295595
847;0.3553118500714728
848;0.6275686001100492
849;0.6045402719819737
850;0.4160379558091237
851;0.35105171879274655
852;0.3522728297031513
853;0.49794756147419666
854;0.39774825300507294
855;0.5381522379769359
856;0.32508940322342744
857;0.31580881473640166
858;0.4700232873938776
859;0.5284367209585744
860;0.33102909761695753
861;0.38301761569828524
862;0.5763901468946143
863;0.43046895738189406
864;0.6301021850449995
865;0.5900184601309695
866;0.3893075511883142
867;0.41210880039338826
868;0.39996336689177514
869;0.49723527990981414
870;0.6367061234751141
871;0.39276214934500625
872;0.5752206872840758
873;0.311063985392711
874;0.577024442752448
875;0.311624711852838
876;0.46705655886528846
877;0.3559875919904171
878;0.649363135259025
879;0.3732998818120171
880;0.49815499246902606
881;0.3331471392969705
882;0.34532864448636247
883;0.40317413124662965
884;0.2965456711647014
885;0.5125128054155609
886;0.2736084619307377
887;0.2804532785466726
888;0.5102545692560158
889;0.33296339339218317
890;0.3716058196318727
891;0.38236231102026763
892;0.3912189856855016
893;0.541080507835879
894;0.429197088111042
895;0.48765110151194174
896;0.5968248044742114
897;0.34998649914114244
898;0.32609072419226826
899;0.27556326078961924
900;0.2746662736496612
901;0.3032025490180304
902;0.3464430251245081
903;0.3045724451994519
904;0.4480892750368465
905;0.4965846772761764
906;0.6252744369244169
907;0.4187539904706936
908;0.30139053489265477
909;0.31766906731188765
910;0.36185814012391637
911;0.4210851199526844
912;0.5627109004333535
913;0.41481954673465243
914;0.6510292914171643
915;0.5216175962716564
916;0.46033585089059625
917;0.2866312439353619
918;0.43618136608915775
919;0.44302132349504647
920;0.4265958647478292
921;0.5220196883446984
922;0.37661036211128146
923;0.47268087926622887
924;0.3413202554849734
925;0.6687073117080479
926;0.4132497132745863
927;0.39911101569694174
928;0.44696240378840385
929;0.537225124843704
930;0.2874901702021462
931;0.3169317740512772
932;0.30952417060708587
933;0.41747895459633283
934;0.3711302678372086
935;0.27341933548310443
936;0.5374544058370677
937;0.5736334516227544
938;0.31109997562073866
939;0.5283879307214027
940;0.27608893730043865
941;0.449903316053477
942;0.5446335398171344
943;0.3549791327656826
944;0.4228064139108647
945;0.4159436915356303
946;0.6043581861729961
947;0.34458893360620524
948;0.41337487641197707
949;0.6085079740401352
950;0.3588576988125414
951;0.6067008973030753
952;0.35726757173757884
953;0.4956609655625341
954;0.5190473892151612
955;0.48080738211144514
956;0.2859158983085857
957;0.3949180448074878
958;0.539269493047297
959;0.27570506878590256
960;0.4447057685668366
961;0.5179829777912588
962;0.3048109091253901
963;0.38023283965009813
964;0.39898514945896696
965;0.3998910045054227
966;0.549923087824351
967;0.6588007131097429
968;0.5844366308371756
969;0.5618786356044245
970;0.6533324607345492
971;0.4171391606429105
972;0.33296339339218317
973;0.2731959957542842
974;0.43151134595189833
975;0.27185786947165896
976;0.5460534623638276
977;0.3857069944359572
978;0.592370518376246
979;0.4189462893670518
980;0.5542780618313443
981;0.5144237499145686
982;0.40152699463593955
983;0.5276282116772026
984;0.50296561322875
985;0.6714648896747066
986;0.2975867739980117
987;0.5960815663573253
988;0.5964903244110208
989;0.5120620748266725
990;0.48435569157879443
991;0.48172202192321995
992;0.4256994482458244
993;0.5912272283770147
994;0.3630178800196996
995;0.3735640541563067
996;0.3367651067521708
997;0.3549825004763157
998;0.34776074221484304
999;0.4766810728593067
1000;0.41033235260992384
1001;0.31198993105637324
1002;0.6011362281483845
1003;0.47349496669248825
1004;0.44768334078721955
1005;0.46654352375891806
1006;0.4768971840298419
1007;0.39190887581077705
1008;0.33140413483486564
1009;0.2759236818809871
1010;0.52169875363246
1011;0.28397976211946363
1012;0.3180265594729531
1013;0.29206680497966175
1014;0.2823660972314593
1015;0.4776016078938805
1016;0.45300734218322186
1017;0.36025368213358405
1018;0.5424875537100302
1019;0.4330991371284659
1020;0.4071200381904614
1021;0.4284336865359986
1022;0.3783792965143141
1023;0.3966663348466503
1024;0.4690844159657514
1025;0.28919277948892214
1026;0.37929664112790173
1027;0.2936767508626029
1028;0.3830846220450966
1029;0.43161159209662686
1030;0.5261384417413051
1031;0.466481746094228
1032;0.4177266162253166
1033;0.4195198453963031
1034;0.38371876663073406
1035;0.5327335307789811
1036;0.6617187204051884
1037;0.3503674200564205
1038;0.4255341231572515
1039;0.2993643800874105
1040;0.37066304261125194
1041;0.5185991715921235
1042;0.35247873222689285
1043;0.3944062811267179
1044;0.5105033109539181
1045;0.3520439579625704
1046;0.3928365998472795
1047;0.45630808333060796
1048;0.50959466355605
1049;0.40022273774083955
1050;0.3923366841163792
1051;0.3923366841163792
1052;0.2832850498183924
1053;0.48409508171478527
1054;0.44155636883446236
1055;0.5993237954467626
1056;0.40612875089333444
1057;0.28588754737424554
1058;0.3763915197191707
1059;0.6102593680426562
1060;0.30156146239908466
1061;0.36134143156940557
1062;0.45652822822964867
1063;0.42098181554479036
1064;0.2736084619307377
1065;0.38135489277844553
1066;0.2785996887754939
1067;0.5965999978199337
1068;0.6710666481317505
1069;0.6737369958490536
1070;0.4967624798058902
1071;0.5367732575879544
1072;0.29940426434366246
1073;0.41982743291896557
1074;0.5405153559433531
1075;0.5684144730890943
1076;0.2952964203686649
1077;0.41472550931933994
1078;0.6528757795333519
1079;0.2895339758582196
1080;0.38293709724142166
1081;0.27286654789341414
1082;0.43109689588513184
1083;0.2955303093715952
1084;0.39881675867030353
1085;0.2803839038159525
1086;0.27522828712584035
1087;0.4240740687851078
1088;0.36287661669152355
1089;0.5048766135738016
1090;0.3941881908335876
1091;0.5237084522992814
1092;0.5877172407260784
1093;0.4192510855227617
1094;0.5223803985450195
1095;0.5924951082724422
1096;0.43975315869712334
1097;0.3790296325605743
1098;0.5226035756492506
1099;0.6144571191261965
1100;0.4359770001223568
1101;0.3956341982959995
1102;0.46776676837386627
1103;0.5144595340367754
1104;0.3169317740512772
1105;0.2758452193850637
1106;0.41481047189823206
1107;0.409089125681541
1108;0.29646381120502
1109;0.5666806184556379
1110;0.34547668619877364
1111;0.41960967273950284
1112;0.5722714300982561
1113;0.5256539398722252
1114;0.526620862668214
1115;0.29118285027678925
1116;0.3810457797318042
1117;0.533595546394307
1118;0.4900970147014109
1119;0.36524606609939914
1120;0.45087572247565594
1121;0.35648477159067743
1122;0.446105606896879
1123;0.35945202701081674
1124;0.30127195286181
1125;0.6089342148526226
1126;0.6170723723039137
1127;0.6565840350889824
1128;0.31100424693418083
1129;0.29799717080104643
1130;0.45417971928057177
1131;0.5243973814903395
1132;0.3845096413945884
1133;0.4266278267029023
1134;0.4451490823682773
1135;0.3004511354815589
1136;0.6026946657449764
1137;0.3822017135432577
1138;0.37093225559669946
1139;0.41198202271679313
1140;0.5180913635774809
1141;0.28894257314248895
1142;0.430860842944485
1143;0.39556300056463545
1144;0.6575988498874237
1145;0.5490903204218343
1146;0.5379806466242307
1147;0.3782581368313703
1148;0.467921717159408
1149;0.3486189918366246
1150;0.27866691951293304
1151;0.5373491877218599
1152;0.3929633533695681
1153;0.4068403355015491
1154;0.3971620779148835
1155;0.2763612623081481
1156;0.49577383029760613
1157;0.5053430889293852
1158;0.3911605609384049
1159;0.43113995531307997
1160;0.3612115797647212
1161;0.2876737186499236
1162;0.3537954642791305
1163;0.5375581458457522
1164;0.6592918327517486
1165;0.46033585089059625
1166;0.45226079810195186
1167;0.38850614297570385
1168;0.3781744809301629
1169;0.27957464614320937
1170;0.3703492822854617
1171;0.6490125734843544
1172;0.418886426463769
1173;0.5064887368148691
1174;0.4941455285657537
1175;0.6020934382196563
1176;0.5543080687745401
1177;0.42277996169996257
1178;0.38065468478626435
1179;0.385876064811573
1180;0.41787513750375693
1181;0.3780627472453671
1182;0.5605300656212269
1183;0.3981868484370158
1184;0.34805280686019063
1185;0.28647105830316716
1186;0.3378965843429904
1187;0.6067597885952286
1188;0.3829473884365095
1189;0.3044149763808452
1190;0.30489996034786443
1191;0.301810193932727
1192;0.3357557872962746
1193;0.4956609655625341
1194;0.35301921009848725
1195;0.4385294920335013
1196;0.6220989159051556
1197;0.2988806483094638
1198;0.41767641597978616
1199;0.5457257196054918
1200;0.27742348398099625
1201;0.6663948745741781
1202;0.43013506307236493
1203;0.5917307186939911
1204;0.3269067237857884
1205;0.3981452977598236
1206;0.3937316010674171
1207;0.3807134153139669
1208;0.40575316661887834
1209;0.4410309697242635
1210;0.495077082232823
1211;0.3360459997100348
1212;0.5395444170879415
1213;0.28754076661290773
1214;0.35100769195831283
1215;0.4586775014534291
1216;0.39044177718940704
1217;0.44553288052544093
1218;0.33022792468816436
1219;0.5234408028676697
1220;0.42098959011187836
1221;0.30087274969249245
1222;0.2964396374374795
1223;0.533249229281564
1224;0.3780027963528064
1225;0.6209251024102598
1226;0.4622640441367366
1227;0.4308731179122599
1228;0.3039438530808745
1229;0.3921408450872845
1230;0.3537954642791305
1231;0.43750772205488386
1232;0.5429949282120725
1233;0.3782932520008849
1234;0.530613630470931
1235;0.35895083469535666
1236;0.6351383364496167
1237;0.4278043665115289
1238;0.3790296325605743
1239;0.38497073657095365
1240;0.5940878773642214
1241;0.4163176939244522
1242;0.3750926514729035
1243;0.4199538471719637
1244;0.42929154580164364
1245;0.3555144643951585
1246;0.543825724363362
1247;0.3837301836163197
1248;0.4020217011653724
1249;0.4199508997530307
1250;0.6649831664705921
1251;0.4228064139108647
1252;0.551351488478531
1253;0.2871002730180834
1254;0.317848382013782
1255;0.31798875521402176
1256;0.6661694111349286
1257;0.5274344737046566
1258;0.42690554416695836
1259;0.431203657025403
1260;0.589382195990811
1261;0.5252292968102739
1262;0.5423894337701238
1263;0.6267130575438946
1264;0.3504818099780639
1265;0.5141803978311776
1266;0.43737227409039
1267;0.41293356924188745
1268;0.34922936012433137
1269;0.38306372763223934
1270;0.3048109091253901
1271;0.4201612202346719
1272;0.5610954622068182
1273;0.3577228085750542
1274;0.3804243718846173
1275;0.4787845746555656
1276;0.36299141620486053
1277;0.38236231102026763
1278;0.5139690038367586
1279;0.4565504214073221
1280;0.3857069944359572
1281;0.507855703540973
1282;0.40241809331662315
1283;0.34636470090256327
1284;0.27822675132563235
1285;0.34998649914114244
1286;0.6771597180059566
1287;0.37840918304675175
1288;0.519610335817069
1289;0.6675487749942309
1290;0.27527850195156034
1291;0.41010345288030947
1292;0.5330644345120723
1293;0.3915486649842957
1294;0.5333535833015557
1295;0.5474769339646625
1296;0.3367294967695861
1297;0.3690222777846547
1298;0.5392218099950865
1299;0.4865892091125189
1300;0.5296369018876113
1301;0.5137837473950032
1302;0.6746267692719577
1303;0.3906133215357891
1304;0.3857142279168818
1305;0.4007432292652857
1306;0.35395687825618766
1307;0.5217236035732736
1308;0.3468614875777388
1309;0.3750722494245404
1310;0.5359518649601457
1311;0.3518055380475946
1312;0.4217743380679798
1313;0.6067597885952286
1314;0.6490910962526731
1315;0.3710878355196091
1316;0.6162125274960105
1317;0.3917997076799187
1318;0.49846328190057587
1319;0.4844418719282621
1320;0.29142399490862025
1321;0.5201384444358921
1322;0.4513641373703251
1323;0.6650076731150808
1324;0.37967671635439404
1325;0.5994058221060483
1326;0.4124594337238229
1327;0.4124594337238229
1328;0.30373251539465657
1329;0.3937516171836027
1330;0.34769132076657133
1331;0.5087318386409991
1332;0.6537279541738297
1333;0.35649420138538057
1334;0.35152589399610956
1335;0.43683183819913535
1336;0.35247873222689285
1337;0.39094192651783455
1338;0.4176159072434985
1339;0.2870183344510287
1340;0.4082482071842303
1341;0.294005963136049
1342;0.5838090396007548
1343;0.27742348398099625
1344;0.37846576109282404
1345;0.37769119164156195
1346;0.3382407132057125
1347;0.37810167084078516
1348;0.3739848943808031
1349;0.5133777120144047
1350;0.6053554338994326
1351;0.4309296328732876
1352;0.4783030440168402
1353;0.5368767146028743
1354;0.28465629835367323
1355;0.5257163481824352
1356;0.4358670848401105
1357;0.5279668986145352
1358;0.582652686317647
1359;0.41198202271679313
1360;0.4758341152947267
1361;0.6697188548950479
1362;0.4739073051219373
1363;0.66636568544542
1364;0.42768410166304377
1365;0.34843167490424365
1366;0.35560636656899564
1367;0.45259296523039494
1368;0.3573196037323243
1369;0.31065166464628635
1370;0.32295439741393206
1371;0.2739312861874549
1372;0.5471432289478566
1373;0.3812876059723365
1374;0.3813866169648617
1375;0.416064182457645
1376;0.3483012058447454
1377;0.35751199630422714
1378;0.6592612942554551
1379;0.4976519915770149
1380;0.4305956397830061
1381;0.3273414617557009
1382;0.32527699835702256
1383;0.38014843181459196
1384;0.5990471735380252
1385;0.41755390701803047
1386;0.27730337538364225
1387;0.38289606069754145
1388;0.49123317266323985
1389;0.37793498573131795
1390;0.294265818054555
1391;0.5006083583321002
1392;0.5544749067665244
1393;0.531221623819167
1394;0.5177021426851587
1395;0.28389465211451315
1396;0.6205873450992982
1397;0.29952088133744353
1398;0.38701410386586776
1399;0.3830846220450966
1400;0.3180167478867902
1401;0.3048943101117082
1402;0.5347143667052467
1403;0.2942057570247627
1404;0.6187295503120298
1405;0.6512550349158271
1406;0.33972929139569896
1407;0.6416982181521336
1408;0.4754145650745283
1409;0.3523312271854847
1410;0.49723527990981414
1411;0.3857500656575726
1412;0.4127042736264398
1413;0.40884877634182626
1414;0.3028891507627348
1415;0.4774546639413321
1416;0.5654454046215894
1417;0.6576933694657063
1418;0.6098585073196252
1419;0.3845805164999019
1420;0.2818835956357743
1421;0.3983899909448597
1422;0.29995421298018365
1423;0.36574202317500265
1424;0.5427985935263795
1425;0.6673861351021358
1426;0.6236750291138388
1427;0.37215290199126577
1428;0.5358905942838074
1429;0.37464285510826445
1430;0.44893309249601404
1431;0.3793019293608919
1432;0.609783402245226
1433;0.4007630771022452
1434;0.39127169201279866
1435;0.4630679878466374
1436;0.2955808408314383
1437;0.33654663010515795
1438;0.38749973417439504
1439;0.38098770839643825
1440;0.27518196626027336
1441;0.4649040450887677
1442;0.5482907675536148
1443;0.3034045063497883
1444;0.5258831563585847
1445;0.475006312069188
1446;0.3735187332430985
1447;0.38897576722592914
1448;0.6618636492377394
1449;0.32527699835702256
1450;0.29504210391869246
1451;0.3780627472453671
1452;0.40558779129066025
1453;0.5766973247160319
1454;0.48704427780736204
1455;0.43258228082850714
1456;0.34805280686019063
1457;0.32005870252869206
1458;0.3684435181336059
1459;0.520027150857385
1460;0.6601914449629294
1461;0.4988619646413047
1462;0.6647806755345306
1463;0.4178591100284404
1464;0.5327335307789811
1465;0.27568595571064863
1466;0.38612025004343353
1467;0.5897505630110346
1468;0.5404138079435109
1469;0.516859920719088
1470;0.37720375835299824
1471;0.5103978482154282
1472;0.3836465179025102
1473;0.4242194227063581
1474;0.40151415150756575
1475;0.5268711378446926
1476;0.5317790266171352
1477;0.4182639617936905
1478;0.5339441504231689
1479;0.38375926812973304
1480;0.5162758483758692
1481;0.5813339272905964
1482;0.2919740285675843
1483;0.6105531848673195
1484;0.4987551418998549
1485;0.5193382321586227
1486;0.3185645819002433
1487;0.6788777279026134
1488;0.5960724335939557
1489;0.3073349336323927
1490;0.4967624798058902
1491;0.5367732575879544
1492;0.6531327884905694
1493;0.49620968307727437
1494;0.34568254188795966
1495;0.43430938446734163
1496;0.4969085105449477
1497;0.4314788482226962
1498;0.3130515583281888
1499;0.5211402697385348
1500;0.30085569891491976
1501;0.5149017864069076
1502;0.5159917005804447
1503;0.4934690759736514
1504;0.2983192906326858
1505;0.3707803051322472
1506;0.6474448210554095
1507;0.3815793780750712
1508;0.3385226363248274
1509;0.3824140675378734
1510;0.4240740687851078
1511;0.5334742758043941
1512;0.3544140686555804
1513;0.40308661916897737
1514;0.40722884566481576
1515;0.2782582076208505
1516;0.5213281412761125
1517;0.49180014688308676
1518;0.2729114122314965
1519;0.31718939880815583
1520;0.3884951867504016
1521;0.38748539070437005
1522;0.493972199965741
1523;0.4178860310467932
1524;0.29236243034845305
1525;0.6326999128997237
1526;0.5168194263136044
1527;0.27607373546658504
1528;0.3584470212342
1529;0.4787304029349331
1530;0.6020934382196563
1531;0.27276020479197244
1532;0.27702132543154384
1533;0.5599720431096058
1534;0.4762346562044681
1535;0.5344310799879582
1536;0.3827531609493716
1537;0.3636080846972978
1538;0.4720527385571887
1539;0.6761689977035135
1540;0.39057927034275675
1541;0.43802288469299216
1542;0.6708015788645907
1543;0.5124046638801321
1544;0.2716690825603398
1545;0.4557364688211841
1546;0.5317854110451321
1547;0.4513641373703251
1548;0.4780297664756227
1549;0.527991166953319
1550;0.4426269550168131
1551;0.27977717266372987
1552;0.35451427176201866
1553;0.593840950812355
1554;0.3462151263433727
1555;0.5051175576055232
1556;0.29117412494075523
1557;0.3845805164999019
1558;0.5249747602106338
1559;0.41624671177345596
1560;0.5769956848402158
1561;0.43151134595189833
1562;0.4405145252106502
1563;0.2912949912806245
1564;0.37808789333028126
1565;0.3792060237519265
1566;0.5220900445545189
1567;0.5641461146883382
1568;0.38286173311941873
1569;0.27771039172445244
1570;0.41375682108306683
1571;0.40714443526623906
1572;0.5036336177002231
1573;0.43663796246606584
1574;0.6124526361823953
1575;0.32295439741393206
1576;0.2763192294813144
1577;0.6684341462549952
1578;0.5116930766594431
1579;0.31251088765002477
1580;0.5182021932572258
1581;0.5544804360090038
1582;0.38798623090060175
1583;0.3686711631340292
1584;0.5031409335174708
1585;0.5108191450982587
1586;0.5014830308030496
1587;0.3461981425209605
1588;0.6047055173456435
1589;0.445707131526986
1590;0.35764005332504656
1591;0.6088745525106378
1592;0.5508758153445834
1593;0.49718104920521977
1594;0.5269574619241923
1595;0.4278043665115289
1596;0.32433052651669736
1597;0.4992382603217509
1598;0.4529251459366944
1599;0.35840939987181697
1600;0.47646026795464785
1601;0.6301011918019486
1602;0.4223232221201586
1603;0.668584914479515
1604;0.5064357246337361
1605;0.36357554752940996
1606;0.6596439880732297
1607;0.570736572507611
1608;0.5486072174159455
1609;0.397293993986266
1610;0.4421870955242202
1611;0.5263823158059328
1612;0.5366653601505698
1613;0.5184770818609491
1614;0.35440148365749835
1615;0.5240487274853999
1616;0.35272673234304425
1617;0.4122823889522788
1618;0.37922478550123906
1619;0.3590863176956064
1620;0.3559587451599083
1621;0.5097579134161746
1622;0.3118307658126539
1623;0.5328255913040402
1624;0.5209897165120662
1625;0.44971912003122905
1626;0.6610154385774722
1627;0.3247093017271073
1628;0.3891655754774221
1629;0.5005253896470517
1630;0.4363875944439791
1631;0.27787667669995664
1632;0.5888215626575108
1633;0.5315596120956751
1634;0.3786808376178811
1635;0.34929340056903985
1636;0.5285415855542863
1637;0.45244919031390507
1638;0.2727183629216609
1639;0.3983899909448597
1640;0.5366977794755721
1641;0.3826716671102234
1642;0.6400926082913042
1643;0.4568877671482948
1644;0.5198933167337441
1645;0.6771597180059566
1646;0.4302794627648793
1647;0.4372715930050276
1648;0.2948659684187151
1649;0.5758248450126114
1650;0.49239532844030603
1651;0.2726560211093193
1652;0.40926756335640163
1653;0.5278012157103553
1654;0.2739397589632663
1655;0.39973697801905
1656;0.3460616056542072
1657;0.3686166129796552
1658;0.6151880049630385
1659;0.43497911557894353
1660;0.3297479096537577
1661;0.37579307246371824
1662;0.6093781251868023
1663;0.391152743098925
1664;0.5133424802238877
1665;0.41077877759661885
1666;0.41077877759661885
1667;0.276699027603821
1668;0.5321315734623594
1669;0.4056566960723201
1670;0.4059487471890712
1671;0.4284336865359986
1672;0.6637706081858391
1673;0.28145936309940395
1674;0.4038209911407056
1675;0.5606475463979301
1676;0.3837301836163197
1677;0.3725390960944675
1678;0.39922017315383457
1679;0.2829131423732772
1680;0.30081422675004565
1681;0.6650841189597707
1682;0.3133435632519304
1683;0.37672703064231705
1684;0.5643541404727962
1685;0.5189160979175447
1686;0.5969154959382814
1687;0.44895385683266625
1688;0.3041910770320112
1689;0.3823488476994109
1690;0.4144614360523374
1691;0.3244341996840677
1692;0.5869718194870481
1693;0.27307598743200145
1694;0.44377599580980354
1695;0.2885485439852428
1696;0.3768609526705703
1697;0.43610539027998385
1698;0.37788064059014564
1699;0.6147275182305948
1700;0.4989446862745782
1701;0.3955579463162564
1702;0.6413382952227302
1703;0.4881199485440062
1704;0.2824272490215096
1705;0.3794965434627814
1706;0.40041246903074634
1707;0.306151442616596
1708;0.4781630512546851
1709;0.39791407251938316
1710;0.5721483904103855
1711;0.5090681819678875
1712;0.50296561322875
1713;0.35127763565181236
1714;0.49982199134652633
1715;0.6278684426084606
1716;0.5044792028051897
1717;0.3385226363248274
1718;0.3536197403289951
1719;0.43217916982179555
1720;0.5666426308263794
1721;0.659888115007867
1722;0.38392041972901064
1723;0.45608794910393025
1724;0.41854309863200745
1725;0.4162744934152217
1726;0.5174969395605432
1727;0.3499465628230383
1728;0.5246605289687601
1729;0.6602516913297413
1730;0.34850442605159093
1731;0.2866312439353619
1732;0.6673007413316668
1733;0.44699009964140035
1734;0.41717178588062953
1735;0.3368681595410914
1736;0.46187281069042196
1737;0.30446252382076366
1738;0.4653407078714652
1739;0.3649818662429235
1740;0.41604140210537566
1741;0.2874000548549896
1742;0.28318664016112416
1743;0.4191435506043472
1744;0.27572624413673286
1745;0.3781696692772297
1746;0.522446722897115
1747;0.5209689538778848
1748;0.4353101378528697
1749;0.38034431349818093
1750;0.44082732818965126
1751;0.35009586717360536
1752;0.6015247963504378
1753;0.5361146259281839
1754;0.5103954576976419
1755;0.5144458100097203
1756;0.36710572032423067
1757;0.33989331281641677
1758;0.6733920680867819
1759;0.3062653559664093
1760;0.3053275526661533
1761;0.38244597236800104
1762;0.27499065115679155
1763;0.38810044047335174
1764;0.46759218145807396
1765;0.5579470165770835
1766;0.41716266659860224
1767;0.33288149984542464
1768;0.43539466265271265
1769;0.6533324607345492
1770;0.4737966408394557
1771;0.32211393930500576
1772;0.4153214421067478
1773;0.6704960599694516
1774;0.6771597180059566
1775;0.6020189964398686
1776;0.656282767732683
1777;0.3203707647846328
1778;0.34386711717781376
1779;0.5964903244110208
1780;0.6728955792469534
1781;0.3569190672907921
1782;0.2736691717001803
1783;0.41092703981409057
1784;0.5210383222878834
1785;0.3350728809667819
1786;0.4373509432402643
1787;0.3291299914058805
1788;0.38911364374013196
1789;0.5490055560946143
1790;0.40201565283660357
1791;0.3039438530808745
1792;0.3798667076173239
1793;0.3692218782874793
1794;0.28397976211946363
1795;0.47432061088092087
1796;0.5988502109797296
1797;0.4706179007069523
1798;0.2766518793285383
1799;0.3736604711917927
1800;0.3248428155372053
1801;0.36371756086753354
1802;0.49576036883040964
1803;0.5359518649601457
1804;0.5219259611629317
1805;0.2819805439815395
1806;0.39088159603273287
1807;0.5199407772995848
1808;0.27357922331716716
1809;0.386240045190855
1810;0.34859519704078534
1811;0.37646339878208657
1812;0.5494260395692808
1813;0.535067892366444
1814;0.4094250049523268
1815;0.6518354088962978
1816;0.27307598743200145
1817;0.3771148274445383
1818;0.598222120741992
1819;0.41608730166006513
1820;0.4199336988264138
1821;0.28495700408302294
1822;0.3775957617416948
1823;0.4861126446324664
1824;0.4016698568940876
1825;0.3072673941738502
1826;0.36580198341827724
1827;0.4033112407548004
1828;0.5403219958341317
1829;0.3818021922236951
1830;0.37233619224343484
1831;0.5243973814903395
1832;0.3048905685162539
1833;0.27423755352471985
1834;0.36852412384447375
1835;0.6480667669139004
1836;0.4054450985719841
1837;0.36574685231612647
1838;0.4035956285901694
1839;0.3544085186139897
1840;0.43897117077441516
1841;0.4242335080230205
1842;0.2797627052824911
1843;0.3104604477916845
1844;0.40364967709884647
1845;0.4121644514114471
1846;0.49620968307727437
1847;0.4439821211858771
1848;0.5271635916730258
1849;0.41100197890878964
1850;0.3631120467565835
1851;0.38213406735179356
1852;0.5361626481581284
1853;0.5228690927113343
1854;0.32355377196254703
1855;0.3150790423418585
1856;0.3850762062910153
1857;0.44302374640367964
1858;0.49169806766515506
1859;0.2840577629356398
1860;0.3831701998512303
1861;0.41992490178265784
1862;0.35751199630422714
1863;0.37337677432994365
1864;0.5546110205751779
1865;0.43703309515993916
1866;0.4814914102015953
1867;0.2935799528159665
1868;0.4010889870050106
1869;0.6139636564353298
1870;0.4139449561982197
1871;0.4079784703812869
1872;0.4827275933596912
1873;0.42277996169996257
1874;0.5939786939079983
1875;0.40248993034508446
1876;0.5486768482756459
1877;0.32060118701183715
1878;0.5217434794315755
1879;0.5144595340367754
1880;0.47097456395652715
1881;0.3826848929249499
1882;0.3706435839121388
1883;0.42503418547193333
1884;0.4163176939244522
1885;0.36830675948332636
1886;0.39322587236640816
1887;0.5390199490986577
1888;0.43430938446734163
1889;0.6080518963770947
1890;0.4805229934766002
1891;0.3894789173328135
1892;0.667167325496259
1893;0.2757515627802767
1894;0.35708641026531324
1895;0.3615217719358732
1896;0.5347211370317865
1897;0.6613656455990029
1898;0.33387192338300425
1899;0.2752489594947506
1900;0.2777512111755775
1901;0.43316901597161267
1902;0.5993237954467626
1903;0.5239182481360272
1904;0.5845639668135609
1905;0.353230864407662
1906;0.5039522095461875
1907;0.31729543774855756
1908;0.5262521482249038
1909;0.43787849068526885
1910;0.5026309303543214
1911;0.32146798483201916
1912;0.5693173467174396
1913;0.45154173408436626
1914;0.2818835956357743
1915;0.42911913605504337
1916;0.37737331265528057
1917;0.4934384612973669
1918;0.3556637299963225
1919;0.4084929935022393
1920;0.5374017808087411
1921;0.3793019293608919
1922;0.3918298299882877
1923;0.3903179294105664
1924;0.5912272283770147
1925;0.4165760539297968
1926;0.42365910016181124
1927;0.5114732078310702
1928;0.5237084522992814
1929;0.3553191551890795
1930;0.35060195077652145
1931;0.475006312069188
1932;0.31808993886128273
1933;0.5239144100510934
1934;0.49793383725546664
1935;0.38032382521591324
1936;0.4921726746501213
1937;0.6748129144645226
1938;0.33002634267115893
1939;0.3322284100720558
1940;0.6585594406501534
1941;0.5024258977930514
1942;0.43475108593231315
1943;0.5291535072950804
1944;0.4249887777868458
1945;0.6658659749762801
1946;0.6384751487853247
1947;0.284405472554909
1948;0.38092776403662165
1949;0.43331451810350236
1950;0.6071311762858654
1951;0.4184576189627792
1952;0.5021732725080927
1953;0.5363479449987862
1954;0.27608893730043865
1955;0.4170300286525892
1956;0.654950440650247
1957;0.5483743254496459
1958;0.4346938963301536
1959;0.5004237590611471
1960;0.5510722665169636
1961;0.41375125743458796
1962;0.4180494977645431
1963;0.29400412240650314
1964;0.3793391362533528
1965;0.30375572128737566
1966;0.4394983315439552
1967;0.45813432003427135
1968;0.5190473892151612
1969;0.2899663982841738
1970;0.3076302595676709
1971;0.5258318826183661
1972;0.3951704802006282
1973;0.3844441061100474
1974;0.5274344737046566
1975;0.5619171262719036
1976;0.6257846643938644
1977;0.47425632999532147
1978;0.3595588670236715
1979;0.3462151263433727
1980;0.6482603256762
1981;0.3077654284821642
1982;0.39898514945896696
1983;0.5693173467174396
1984;0.5296124233803117
1985;0.30351248668264563
1986;0.6204802820304355
1987;0.2804532785466726
1988;0.48159816484008316
1989;0.5039136936702958
1990;0.5278675261097253
1991;0.5752026734433364
1992;0.4010108695257932
1993;0.35989308880005977
1994;0.3739420996923049
1995;0.384096471820431
1996;0.35612977021429837
1997;0.38871315907789916
1998;0.6146990377322158
1999;0.42814613174233784
2000;0.6755930110160726
2001;0.34988798549664135
2002;0.5089794807463454
2003;0.28954954255422266
2004;0.29061119139622305
2005;0.2718876540796071
2006;0.5812622667881915
2007;0.3782581368313703
2008;0.49445594036745877
2009;0.5020104111602027
2010;0.28124981571620855
2011;0.5346856232510506
2012;0.482494119695445
2013;0.3069267119628455
2014;0.5888207497239079
2015;0.32596026697352065
2016;0.33810963684980383
2017;0.2755746193766758
2018;0.550581740879047
2019;0.3596313891269758
2020;0.415967668768095
2021;0.5990676997002125
2022;0.4993587857472782
2023;0.5219401709590537
2024;0.3553118500714728
2025;0.5465232458846367
2026;0.37682036186816087
2027;0.28589852314739406
2028;0.4881878250944638
2029;0.6743485821765025
2030;0.5320010834277056
2031;0.6281323942914953
2032;0.4696643040678038
2033;0.48571424073539715
2034;0.3066347630005065
2035;0.49088341088351883
2036;0.5121935535754851
2037;0.3344799918298854
2038;0.3105859908451941
2039;0.6708942801336788
2040;0.38810044047335174
2041;0.4497707562724381
2042;0.6128374076824732
2043;0.5574926759183296
2044;0.45256245778288917
2045;0.38375926812973304
2046;0.5111061477419605
2047;0.4361268754404235
2048;0.5084336914771297
2049;0.6598862212615958
2050;0.28238029176371765
2051;0.3706585017574162
2052;0.41339003135978764
2053;0.3789405626590542
2054;0.5810009095105554
2055;0.31897699666092844
2056;0.4755230776870148
2057;0.2798274917306337
2058;0.6029842006800414
2059;0.41121509166760983
2060;0.5228690927113343
2061;0.40714443526623906
2062;0.2937737030197828
2063;0.6178341575691645
2064;0.3929633533695681
2065;0.5212000346164395
2066;0.3549825004763157
2067;0.5320767291644528
2068;0.594746799730998
2069;0.31116311319917545
2070;0.49577383029760613
2071;0.5831802916092157
2072;0.3755145667958821
2073;0.4579595879024822
2074;0.46289218205711985
2075;0.6590572905559714
2076;0.661289543235265
2077;0.5460370649583942
2078;0.5296369018876113
2079;0.4464884021464566
2080;0.28189297890640586
2081;0.3967455475211345
2082;0.5319213093358915
2083;0.47522712618288887
2084;0.38032382521591324
2085;0.3584442237023191
2086;0.30439503613602287
2087;0.3027205635472584
2088;0.32433052651669736
2089;0.44513912345327755
2090;0.3544266111341291
2091;0.27902944377456895
2092;0.35603059134762427
2093;0.39294371393080785
2094;0.4304740639839415
2095;0.41481047189823206
2096;0.482857733776706
2097;0.4217743380679798
2098;0.394160801174922
2099;0.34430441842667214
2100;0.3756779090873654
2101;0.5931011029355242
2102;0.4631739176841586
2103;0.6012442324745558
2104;0.44401435700615244
2105;0.467828998088825
2106;0.3808525762528415
2107;0.6092022911742283
2108;0.3279879913763454
2109;0.33972929139569896
2110;0.3866315207498764
2111;0.526620862668214
2112;0.35152589399610956
2113;0.5268613129248484
2114;0.3902044934238623
2115;0.3692088274334388
2116;0.3755734444895426
2117;0.2968186448319072
2118;0.3962910746491543
2119;0.41685168361697855
2120;0.458478583244789
2121;0.5123335898166229
2122;0.5282791409850361
2123;0.534168127126621
2124;0.38109893664907324
2125;0.3776554527858437
2126;0.3020908416368976
2127;0.2762806583411912
2128;0.38304409389775473
2129;0.5194783275775601
2130;0.35127763565181236
2131;0.5259925289085216
2132;0.4205946160390418
2133;0.412648108612465
2134;0.31766906731188765
2135;0.36982829333942646
2136;0.4622640441367366
2137;0.29437476477309954
2138;0.27673727955105204
2139;0.33140413483486564
2140;0.3618377691899971
2141;0.4292020918393911
2142;0.4315698290364981
2143;0.47086789240607924
2144;0.45424955991420496
2145;0.383333021562872
2146;0.4587964675368572
2147;0.3584470212342
2148;0.37661036211128146
2149;0.3610522027145045
2150;0.39526056931383635
2151;0.5024258977930514
2152;0.3746755939844475
2153;0.6620481101003334
2154;0.41705443729324126
2155;0.5335352431102299
2156;0.39299487828025537
2157;0.5995136196885273
2158;0.5497137511575564
2159;0.3285775645525916
2160;0.30162622887359997
2161;0.40578350520778034
2162;0.5207526378970714
2163;0.5193154756365801
2164;0.5442715106415317
2165;0.2896105290471383
2166;0.32444152804526943
2167;0.4020685345238224
2168;0.5973414270148202
2169;0.5582858121939268
2170;0.5582858121939268
2171;0.3699776971990869
2172;0.391706510223959
2173;0.3805461428784976
2174;0.4367803983870395
2175;0.38908251058032073
2176;0.5403903247265721
2177;0.4444792481376071
2178;0.40041246903074634
2179;0.37737331265528057
2180;0.43289131837485434
2181;0.5310570704538788
2182;0.5350938949157132
2183;0.47762870389789613
2184;0.3913950578798308
2185;0.3447568193192134
2186;0.27868783266988995
2187;0.4376832223739463
2188;0.3184738250138099
2189;0.3833560740004202
2190;0.6565275502000303
2191;0.38748776038709487
2192;0.27866691951293304
2193;0.3523595492311821
2194;0.3116324484888858
2195;0.5371289645553903
2196;0.4407536928039545
2197;0.35959717601385693
2198;0.621097135295861
2199;0.3971620779148835
2200;0.5449089689118712
2201;0.49180014688308676
2202;0.31251088765002477
2203;0.39971786703174
2204;0.5158730505794038
2205;0.4326791925132463
2206;0.4501590772682749
2207;0.30746099912297475
2208;0.3540904715546157
2209;0.3906133215357891
2210;0.2934256145830286
2211;0.4776016078938805
2212;0.6743141968319379
2213;0.3013372861816942
2214;0.2875714337821419
2215;0.48578885977910913
2216;0.2857950217158032
2217;0.5331427195516117
2218;0.5308742163571025
2219;0.29087840484875105
2220;0.5459081977896572
2221;0.442284162402959
2222;0.5262717914395643
2223;0.5431400434135788
2224;0.6674085641060366
2225;0.3778308249012771
2226;0.6017559392135922
2227;0.37648216914217186
2228;0.6085079740401352
2229;0.396409585781868
2230;0.3725860668753801
2231;0.4956609655625341
2232;0.32850519562518554
2233;0.6655034164538114
2234;0.45630808333060796
2235;0.3902044934238623
2236;0.531639437571598
2237;0.34542646039094865
2238;0.2968186448319072
2239;0.4551388779457737
2240;0.6484292233070615
2241;0.311624711852838
2242;0.3571320725553043
2243;0.278233867185265
2244;0.5790782527642484
2245;0.4058357564869852
2246;0.3360459997100348
2247;0.6556475448029506
2248;0.37952389915651163
2249;0.4220881668777425
2250;0.43200679086305405
2251;0.5931836224935048
2252;0.669173848227896
2253;0.29390574849654594
2254;0.5928975293023566
2255;0.35356544948671365
2256;0.4141927119057148
2257;0.429197088111042
2258;0.3508006463718222
2259;0.3433748291854526
2260;0.28681467445954445
2261;0.46900309916204624
2262;0.40152699463593955
2263;0.5559447266513222
2264;0.4355217828003311
2265;0.5093117312931242
2266;0.2790880879953071
2267;0.44934566553485283
2268;0.37312306680749907
2269;0.3064116277550252
2270;0.5849757208480737
2271;0.28382793551301155
2272;0.5128707105039305
2273;0.37389641155564396
2274;0.4567379867887724
2275;0.6109587860919042
2276;0.442996577392334
2277;0.5222006902875549
2278;0.5303637487395155
2279;0.5676657997510797
2280;0.5346856232510506
2281;0.6705063406019185
2282;0.387337697524929
2283;0.33064907038947305
2284;0.31994930364587154
2285;0.34822794500210785
2286;0.4166859029895247
2287;0.3781744809301629
2288;0.4388296770380524
2289;0.3620736976967984
2290;0.3894683970512354
2291;0.4784238398250077
2292;0.41077877759661885
2293;0.6064977983614066
2294;0.3686894070990645
2295;0.42793311038468307
2296;0.27276020479197244
2297;0.44656603155280694
2298;0.6134529192354659
2299;0.5296043662644137
2300;0.3700309650958689
2301;0.36813906059542373
2302;0.291560502206643
2303;0.291560502206643
2304;0.46068224444855244
2305;0.5666806184556379
2306;0.3899478724375508
2307;0.3591413165995085
2308;0.566863667058289
2309;0.38265785775094086
2310;0.3131860275198123
2311;0.3106618127550431
2312;0.3804458975566487
2313;0.39236654739979276
2314;0.3510470093422833
2315;0.5308318351753913
2316;0.2718131793045603
2317;0.47610254970618815
2318;0.4171874901756037
2319;0.5351414458613512
2320;0.4073923032459252
2321;0.37889512413145054
2322;0.42553200617722153
2323;0.4096087736516374
2324;0.4989446862745782
2325;0.601425773241893
2326;0.39093892452878515
2327;0.28821418174605007
2328;0.5886263549374722
2329;0.32512990076844217
2330;0.4309296328732876
2331;0.4218465334352645
2332;0.29390574849654594
2333;0.424307216891236
2334;0.5234408028676697
2335;0.5508401500775882
2336;0.30954157524614745
2337;0.37476309078212644
2338;0.4620252625625042
2339;0.4612675258530425
2340;0.3442597398161569
2341;0.4165163962769595
2342;0.33236079555939135
2343;0.30866263593026205
2344;0.6667111156449964
2345;0.2853003835029191
2346;0.4685650014438357
2347;0.5152367595334629
2348;0.41314411673292895
2349;0.5927574997906337
2350;0.5437708340869188
2351;0.4846347011042898
2352;0.4483807237493795
2353;0.5424875537100302
2354;0.29344026810484547
2355;0.42500607095550436
2356;0.41389052698544615
2357;0.43362208794207024
2358;0.38289606069754145
2359;0.3551249770638393
2360;0.4667807157544856
2361;0.27116129268588185
2362;0.4288151592908956
2363;0.4220785826511366
2364;0.5424897432970229
2365;0.442284162402959
2366;0.2867548818907434
2367;0.4935321302891024
2368;0.5139522513958577
2369;0.3569696332436444
2370;0.2893486215819965
2371;0.3082905210900121
2372;0.3926629683286741
2373;0.6216509857067578
2374;0.36134559955426615
2375;0.3588576988125414
2376;0.44360820151138736
2377;0.393215913668049
2378;0.49130338398388745
2379;0.5274344737046566
2380;0.4639988867963032
2381;0.2870183344510287
2382;0.6301021850449995
2383;0.37497766006955485
2384;0.5123574396340291
2385;0.44675884241431285
2386;0.6232708866499207
2387;0.5882929910486444
2388;0.3786808376178811
2389;0.34929340056903985
2390;0.3105859908451941
2391;0.4324265663146901
2392;0.6510183145040342
2393;0.4534330979919132
2394;0.4444792481376071
2395;0.36299141620486053
2396;0.2972632076335814
2397;0.4259327064145175
2398;0.27185786947165896
2399;0.3172113019437594
2400;0.419529007671828
2401;0.3104604477916845
2402;0.601382452623611
2403;0.517344471867413
2404;0.5538263487928801
2405;0.3309065428085668
2406;0.4671747911538933
2407;0.35456722911445815
2408;0.4521030691115956
2409;0.40386980211929113
2410;0.37036081982663405
2411;0.4068403355015491
2412;0.6304184403136806
2413;0.5276401612400585
2414;0.32799040340664176
2415;0.44768334078721955
2416;0.4105660445247163
2417;0.4105660445247163
2418;0.36134694279182267
2419;0.5408876937136188
2420;0.5335817301111228
2421;0.5413030237069875
2422;0.5438588468618659
2423;0.44667981733863843
2424;0.27711644991237405
2425;0.3322284100720558
2426;0.42554121637371256
2427;0.41923832728626315
2428;0.4173856820872988
2429;0.6295703244696226
2430;0.3375144990752764
2431;0.27569814881843396
2432;0.35731030167913425
2433;0.39771368992189
2434;0.2992063825049668
2435;0.30489996034786443
2436;0.4980783963515917
2437;0.6688179267846415
2438;0.46765548449954675
2439;0.29369848219600725
2440;0.533336900530628
2441;0.46705715616255594
2442;0.6713022666801641
2443;0.5957189225181914
2444;0.5539370943399309
2445;0.3882788057633463
2446;0.2774124378376001
2447;0.3853377665005728
2448;0.27702971971126195
2449;0.2776896481163701
2450;0.2724405266574109
2451;0.5686986223001228
2452;0.39408429188647764
2453;0.3805461428784976
2454;0.2884466775759396
2455;0.5652434160253665
2456;0.4424433497787067
2457;0.32512990076844217
2458;0.27295199486913135
2459;0.6480667669139004
2460;0.5286922220569806
2461;0.408711858545632
2462;0.2962853231178781
2463;0.5022810273274441
2464;0.4091704027885631
2465;0.6634907898067708
2466;0.436624621661708
2467;0.27556326078961924
2468;0.5259925289085216
2469;0.29734239664164686
2470;0.38057656510492344
2471;0.4698212554281489
2472;0.38648412860682196
2473;0.4684510221672201
2474;0.35474529409156974
2475;0.2833363936100655
2476;0.44195677195476846
2477;0.44177319485772176
2478;0.5411035086033774
2479;0.6771910603891149
2480;0.6743214700137633
2481;0.40987510717797343
2482;0.3931576476096728
2483;0.6754919998413639
2484;0.39544279956240047
2485;0.33266937242129185
2486;0.6510292914171643
2487;0.5456799448697689
2488;0.5451162528534133
2489;0.523186915243848
2490;0.4178860310467932
2491;0.3805889717941914
2492;0.27683388356802274
2493;0.5170842871343215
2494;0.4121183210186893
2495;0.6384751487853247
2496;0.4627923400847389
2497;0.34323444118933333
2498;0.3968392610220155
2499;0.38022578407255925
2500;0.3429518723038369
2501;0.370575714766043
2502;0.39031358489621715
2503;0.39761202586371774
2504;0.32923259188064813
2505;0.5976541392054457
2506;0.5317854110451321
2507;0.4295644625795979
2508;0.3611860404050353
2509;0.5978863317094107
2510;0.6715518082502745
2511;0.37262759277560514
2512;0.30036872767415224
2513;0.29111541678524344
2514;0.4166774204501883
2515;0.3932265597602965
2516;0.6024446660091075
2517;0.29631110023902674
2518;0.4825945949004267
2519;0.3170922866755243
2520;0.3274858063700544
2521;0.32386730072128866
2522;0.5673661157353268
2523;0.5162000375940338
2524;0.5951236108966422
2525;0.4766035463679783
2526;0.3034077801632994
2527;0.5301474662531172
2528;0.35104869830176305
2529;0.42795556569205057
2530;0.2786454080418155
2531;0.40139980504307876
2532;0.6663545666181396
2533;0.3794965434627814
2534;0.5307591130741984
2535;0.36852412384447375
2536;0.3544085186139897
2537;0.3508006463718222
2538;0.41755467568148896
2539;0.2878327396190594
2540;0.569116995725871
2541;0.5241854712718419
2542;0.4784168550778477
2543;0.5299755239069852
2544;0.3802032058458679
2545;0.32609072419226826
2546;0.4068435062865169
2547;0.3958865691709846
2548;0.6190605011395748
2549;0.5211402697385348
2550;0.54157128592962
2551;0.34472488473158175
2552;0.49661308016221417
2553;0.5912082025323184
2554;0.3018439309239471
2555;0.6091306872068497
2556;0.2952389540510048
2557;0.6614361118159592
2558;0.5190648949599288
2559;0.36166426199124957
2560;0.2775824810967098
2561;0.2974259968014179
2562;0.5950908322412634
2563;0.276699027603821
2564;0.36498082086782296
2565;0.5195890271368943
2566;0.3545629189909773
2567;0.583205646351985
2568;0.4735225042156796
2569;0.5291535072950804
2570;0.46826070992221
2571;0.5545908944927446
2572;0.3272339961496152
2573;0.5381522379769359
2574;0.3804141067147789
2575;0.42115561583575606
2576;0.37872650450693746
2577;0.40442720960000883
2578;0.4406538503304138
2579;0.5528150431148837
2580;0.28144008827300826
2581;0.2757515627802767
2582;0.2985048242621372
2583;0.44723946210969956
2584;0.41870142496479107
2585;0.6237251326543694
2586;0.52412324518557
2587;0.3486539897750991
2588;0.6285377814626345
2589;0.3510377856753267
2590;0.3274858063700544
2591;0.44971912003122905
2592;0.37977316814881135
2593;0.3281065641825093
2594;0.5539370943399309
2595;0.3704397684106261
2596;0.44215548874710653
2597;0.5953425411508999
2598;0.27702971971126195
2599;0.36047082829521554
2600;0.444932884441848
2601;0.41481591379678334
2602;0.5148016250858867
2603;0.5337328963777935
2604;0.3067035822577882
2605;0.5343492181184163
2606;0.43486766930548165
2607;0.2727183629216609
2608;0.5284981717901183
2609;0.39373389720291996
2610;0.6203585579088609
2611;0.4781630512546851
2612;0.6236815151159545
2613;0.35571421485722476
2614;0.4832323913860689
2615;0.4403165131477814
2616;0.3769411613377165
2617;0.3487439498691128
2618;0.31606003088913276
2619;0.5346500950876102
2620;0.3875817186819828
2621;0.5018305126343197
2622;0.4480892750368465
2623;0.5280911540843276
2624;0.3040282117865924
2625;0.6568570354738884
2626;0.5742611337832332
2627;0.2948613747131793
2628;0.6248080605549572
2629;0.6423062610905477
2630;0.6041216926997556
2631;0.4840987066029914
2632;0.4766810728593067
2633;0.3931576476096728
2634;0.4242839325728121
2635;0.45981269225084026
2636;0.5376593760883895
2637;0.4144997265926878
2638;0.2872756711750036
2639;0.2771972381897432
2640;0.3261630233219835
2641;0.3243839607894031
2642;0.44912934691625245
2643;0.27301343912631754
2644;0.3555197275617029
2645;0.2934256145830286
2646;0.4776016078938805
2647;0.6632835978255767
2648;0.451552435556873
2649;0.5826456909034805
2650;0.41923832728626315
2651;0.44638996825783617
2652;0.35047158317672766
2653;0.4602420568202573
2654;0.5007672591210167
2655;0.34537134687898957
2656;0.4257110460656424
2657;0.5488018790731612
2658;0.5183654214857324
2659;0.5099814459922991
2660;0.438065281830106
2661;0.5081860429055151
2662;0.2733962200478236
2663;0.3411207637133383
2664;0.5397678846891953
2665;0.46636981249707593
2666;0.397361894678524
2667;0.6280743751915787
2668;0.4154456023727855
2669;0.3794221052932708
2670;0.4174110504268821
2671;0.42670766470791355
2672;0.4595953651837997
2673;0.29153571905398024
2674;0.3524466633154409
2675;0.38713246499953974
2676;0.43441628387434783
2677;0.35247873222689285
2678;0.3549313221382173
2679;0.6746990002104128
2680;0.419948561202179
2681;0.4425247840009341
2682;0.40116432777438743
2683;0.49625304682914056
2684;0.41378454510130036
2685;0.34542646039094865
2686;0.4448185397730115
2687;0.42929868613412275
2688;0.4016698568940876
2689;0.4987982657063448
2690;0.3766916364153635
2691;0.5404156658510642
2692;0.6700959874124296
2693;0.35606146072242195
2694;0.5825130340560843
2695;0.43695925322917295
2696;0.46140864454189706
2697;0.612182486383468
2698;0.5488985933616343
2699;0.46658704024209713
2700;0.4776613813846241
2701;0.5965999978199337
2702;0.5808360828226403
2703;0.41095994480926545
2704;0.39517919440730215
2705;0.4760857977297489
2706;0.3792060237519265
2707;0.49649213480935084
2708;0.3993157608627963
2709;0.5825437753383808
2710;0.30750190501194624
2711;0.5787512818007844
2712;0.6618880322995719
2713;0.6026612542239316
2714;0.3625074297159287
2715;0.35413936672954155
2716;0.5315684269817438
2717;0.33766884397401636
2718;0.6755363908895127
2719;0.4096420341747959
2720;0.391152743098925
2721;0.4837697769657794
2722;0.5254599986167027
2723;0.30780230537465897
2724;0.272897978598765
2725;0.6585594406501534
2726;0.33967219527689274
2727;0.3634901317833669
2728;0.3368681595410914
2729;0.40863697713430724
2730;0.6653214553569523
2731;0.275059869719141
2732;0.516336325925018
2733;0.43601844414691887
2734;0.3823100843234573
2735;0.41750232211271154
2736;0.38273339469535655
2737;0.6779844172817915
2738;0.3277524440005522
2739;0.5243351357338126
2740;0.3284820185366199
2741;0.38271979813111956
2742;0.4323386985804566
2743;0.31580881473640166
2744;0.3081958237932812
2745;0.3833955904205376
2746;0.27568595571064863
2747;0.41870142496479107
2748;0.5984421379753293
2749;0.5378397026489048
2750;0.27549317111444865
2751;0.4829293567327556
2752;0.3540174387811604
2753;0.6617708330398676
2754;0.6040321512446731
2755;0.4263813763039893
2756;0.5991947743500027
2757;0.4332992951166698
2758;0.5570227094155882
2759;0.4362927447823922
2760;0.3018225304045222
2761;0.3018225304045222
2762;0.5920148681587822
2763;0.4115634551879229
2764;0.6737042220285928
2765;0.43200679086305405
2766;0.4000833776283705
2767;0.35335990395809336
2768;0.5102545692560158
2769;0.38938393408078
2770;0.3845096413945884
2771;0.2813174153190244
2772;0.5066529765086869
2773;0.35989308880005977
2774;0.6207740713736313
2775;0.608522591542543
2776;0.4403165131477814
2777;0.5350834090649998
2778;0.3958865691709846
2779;0.49450770657997395
2780;0.44302374640367964
2781;0.6423062610905477
2782;0.4750003593837091
2783;0.27802931055770663
2784;0.34748590135549473
2785;0.34012438899467046
2786;0.4707187175556107
2787;0.5861099509911993
2788;0.37952691530286425
2789;0.594954002540333
2790;0.5028531947844135
2791;0.27461238066609944
2792;0.5276815040665598
2793;0.5348211557570033
2794;0.45625608516589977
2795;0.5910591588711666
2796;0.4132497132745863
2797;0.43475108593231315
2798;0.6741376249906079
2799;0.4428905166100022
2800;0.4167589603542606
2801;0.27598831205759244
2802;0.36645594356816646
2803;0.534006763585344
2804;0.33860916576424105
2805;0.41829672737341256
2806;0.6059638141158146
2807;0.49992481882506923
2808;0.5273297090676735
2809;0.4005920421676198
2810;0.4474260200457933
2811;0.535658538751926
2812;0.3545182394499216
2813;0.4196105587111817
2814;0.39086487549719184
2815;0.3844441061100474
2816;0.4063048475210659
2817;0.3711518224201815
2818;0.5046425929218756
2819;0.383223595454022
2820;0.5133376080070935
2821;0.6011166954977858
2822;0.2795443945629413
2823;0.3839021459698767
2824;0.46843535329301955
2825;0.2875784941235725
2826;0.6079888050894984
2827;0.278233867185265
2828;0.6090651401254317
2829;0.534638065420731
2830;0.35408693465070906
2831;0.3750053057778123
2832;0.5188358371083808
2833;0.31160130790821344
2834;0.3584840559333686
2835;0.3584840559333686
2836;0.5366977794755721
2837;0.35494169047599267
2838;0.4054450985719841
2839;0.5928975293023566
2840;0.28496743144811887
2841;0.5066529765086869
2842;0.478975411149191
2843;0.4162819643627085
2844;0.430860842944485
2845;0.5138392856305531
2846;0.37158061830559663
2847;0.3807416200996843
2848;0.42319578584189754
2849;0.3823444353040696
2850;0.4158153696425563
2851;0.6076231522624493
2852;0.3648604494859313
2853;0.3443340031378569
2854;0.5411035086033774
2855;0.5273348943235965
2856;0.445716012342862
2857;0.5572851420675082
2858;0.47702145492797066
2859;0.387415269851048
2860;0.2983619858188371
2861;0.5803764172580407
2862;0.3921408450872845
2863;0.6145190479034807
2864;0.36622348229051516
2865;0.32596026697352065
2866;0.4440518367770129
2867;0.4077103821876394
2868;0.5452802668959589
2869;0.3013372861816942
2870;0.3429518723038369
2871;0.525733149779
2872;0.6037563357429405
2873;0.5606475463979301
2874;0.3781696692772297
2875;0.3272339961496152
2876;0.3550009241828094
2877;0.5024885533027268
2878;0.3611860404050353
2879;0.5009418790645681
2880;0.6114009052278355
2881;0.5716129952235773
2882;0.29259015406649247
2883;0.3524655059298126
2884;0.2766147173168865
2885;0.3520439579625704
2886;0.39619651692523444
2887;0.5015474222545837
2888;0.2748449515193506
2889;0.5151097751715321
2890;0.37769119164156195
2891;0.6666764058411339
2892;0.35567322121550743
2893;0.38810044047335174
2894;0.5570227094155882
2895;0.3756050273271002
2896;0.5849926050532944
2897;0.29762292827110454
2898;0.4996033754748975
2899;0.3574912126010383
2900;0.35989308880005977
2901;0.4987707556178627
2902;0.3459323309606
2903;0.39062065899104353
2904;0.4285797929084357
2905;0.5198137710355935
2906;0.5538263487928801
2907;0.6099775505762377
2908;0.5508401500775882
2909;0.2914133251732927
2910;0.5167596299451797
2911;0.34915065655514127
2912;0.4137647535538592
2913;0.38204474924463294
2914;0.4407536928039545
2915;0.5017523355494912
2916;0.4287330361795517
2917;0.6699642420632249
2918;0.3423197864385951
2919;0.3813866169648617
2920;0.6069069197314263
2921;0.38415532350977466
2922;0.6661199384509399
2923;0.29606929847279134
2924;0.34850442605159093
2925;0.675376954828999
2926;0.5330830662705551
2927;0.4234430877559413
2928;0.5230576347108066
2929;0.3786896240229233
2930;0.4028613690755377
2931;0.3795943650748524
2932;0.5014827240651052
2933;0.32467141041213365
2934;0.38586420105493396
2935;0.3197059698303577
2936;0.5199407772995848
2937;0.5273297090676735
2938;0.35008185132903186
2939;0.48041465201694955
2940;0.4983535728667274
2941;0.4216041828123201
2942;0.5868662775337936
2943;0.38495730512516396
2944;0.5822032133559244
2945;0.48073851191635697
2946;0.4395817596606596
2947;0.2764650502102653
2948;0.3200897101883199
2949;0.6112123139407961
2950;0.42128350649699653
2951;0.5429293797734103
2952;0.33101245405760404
2953;0.38583956936285263
2954;0.3711518224201815
2955;0.5278783247777538
2956;0.4964245693353826
2957;0.4159404834663931
2958;0.2779289130395977
2959;0.5346047558485518
2960;0.3142918109132363
2961;0.41885030489621683
2962;0.3049133438017694
2963;0.404109490800182
2964;0.2756629656656071
2965;0.46705655886528846
2966;0.6670439333092674
2967;0.44438991124917226
2968;0.3472402783645846
2969;0.35784561806710863
2970;0.4524576464473905
2971;0.3054776571590507
2972;0.6309371070561689
2973;0.6299782322440219
2974;0.45692462956597835
2975;0.3679209160616266
2976;0.5388926128866668
2977;0.49291945989974195
2978;0.5335772241459785
2979;0.40036051790329363
2980;0.4452315506835463
2981;0.28954954255422266
2982;0.48395356526104205
2983;0.2950051328364588
2984;0.37765456998103886
2985;0.42395934343090735
2986;0.3276656193534283
2987;0.50932745465877
2988;0.41024583357341493
2989;0.4217668282162054
2990;0.5094104552088627
2991;0.44205459898213173
2992;0.34946610174929005
2993;0.3827848591616074
2994;0.34888263320357166
2995;0.5159385078337223
2996;0.2975295027724695
2997;0.5087708629374822
2998;0.4995800158066947
2999;0.6754919998413639
3000;0.6754919998413639
3001;0.5572851420675082
3002;0.5166560835099822
3003;0.2756404548833993
3004;0.3540904715546157
3005;0.5481213522049122
3006;0.43591030940956327
3007;0.5233551282736584
3008;0.4814914102015953
3009;0.6637706081858391
3010;0.46973037296892456
3011;0.2758452193850637
3012;0.5237319935070459
3013;0.6132054710176961
3014;0.6550533361235155
3015;0.5656311652985201
3016;0.39088159603273287
3017;0.33903463855614363
3018;0.3898605818126284
3019;0.543519333341084
3020;0.6223297220457664
3021;0.37639672480997105
3022;0.4406538503304138
3023;0.3583560579766746
3024;0.6432811204603099
3025;0.414360707392079
3026;0.5168412487687771
3027;0.4523518360633617
3028;0.3885664055498913
3029;0.29838932459975454
3030;0.5134340880764464
3031;0.5295060142522106
3032;0.45742636863076597
3033;0.3074256289152691
3034;0.6085012594461239
3035;0.38809859702354377
3036;0.5761325455574922
3037;0.577024442752448
3038;0.3062954317401852
3039;0.6163682430949298
3040;0.36011100657816
3041;0.2790105430895301
3042;0.657336484101029
3043;0.34337228596430097
3044;0.5111061477419605
3045;0.3781411810290518
3046;0.4038841640285121
3047;0.5965999978199337
3048;0.6180537648331454
3049;0.6537348722029851
3050;0.40706052288018746
3051;0.3178277141167274
3052;0.39998596458614927
3053;0.6304466946426261
3054;0.3310330644383459
3055;0.35612977021429837
3056;0.5397152653836622
3057;0.672559871993136
3058;0.49343935389505267
3059;0.4376832223739463
3060;0.37538894947160034
3061;0.38768562343353974
3062;0.35162558883590833
3063;0.31606003088913276
3064;0.48366918324003577
3065;0.28416042233403627
3066;0.38293709724142166
3067;0.3446759422719835
3068;0.4105796910831442
3069;0.2727353570498744
3070;0.38488854446054344
3071;0.3064540386891873
3072;0.3549825004763157
3073;0.43648174664332895
3074;0.3678820062000256
3075;0.39738525817126863
3076;0.27388641026139654
3077;0.524177965685821
3078;0.5389786722943903
3079;0.532970580153388
3080;0.4149239121821873
3081;0.4521498827689007
3082;0.5629027139143237
3083;0.40195925254893294
3084;0.3146768249180822
3085;0.5774186264900198
3086;0.41297732386555025
3087;0.5252441692030689
3088;0.35792607661320097
3089;0.5240678537165627
3090;0.5183654214857324
3091;0.5027086939039034
3092;0.3706435839121388
3093;0.6087880152423067
3094;0.27423755352471985
3095;0.6180256823310042
3096;0.386240045190855
3097;0.3368849182318119
3098;0.3059628989908234
3099;0.2936767508626029
3100;0.4281108069574217
3101;0.2911458962392473
3102;0.27847818082032916
3103;0.3830825056917479
3104;0.4437162368153776
3105;0.3775828977561047
3106;0.4492207905833204
3107;0.4204224105728952
3108;0.6774570521874737
3109;0.4696643040678038
3110;0.5170296395672489
3111;0.6780680339358283
3112;0.29307011232856833
3113;0.2722841992144156
3114;0.6232708866499207
3115;0.6130514004205164
3116;0.3955723852117585
3117;0.41293356924188745
3118;0.5267185531802547
3119;0.4458674713634559
3120;0.5051175576055232
3121;0.5302470940755317
3122;0.45424082557054063
3123;0.39011019028271576
3124;0.4223595756832522
3125;0.3573322470636001
3126;0.4088974428629791
3127;0.6483935728547422
3128;0.5312137163384644
3129;0.35390609601481116
3130;0.3468816378086983
3131;0.44893309249601404
3132;0.587202709026707
3133;0.2950051328364588
3134;0.3477888417042306
3135;0.3545295624265824
3136;0.49649213480935084
3137;0.4698212554281489
3138;0.3366094968852211
3139;0.5510292559142733
3140;0.38864419658918425
3141;0.4586480944708674
3142;0.5210383222878834
3143;0.5183648310171308
3144;0.2976244149822711
3145;0.47566293733787574
3146;0.2777413060595199
3147;0.41310490926109644
3148;0.3505746320360172
3149;0.6145190479034807
3150;0.3242880538788156
3151;0.49467172099652207
3152;0.530613630470931
3153;0.5330830662705551
3154;0.4587964675368572
3155;0.38013580115863105
3156;0.37397144429079143
3157;0.4056566960723201
3158;0.4173856820872988
3159;0.5474796930650975
3160;0.2893953853917402
3161;0.6085165756744535
3162;0.2983181583578177
3163;0.27669185648926564
3164;0.35812335298602027
3165;0.473139697028537
3166;0.3583205532292334
3167;0.32527943225696965
3168;0.4375995045449523
3169;0.27598642584972144
3170;0.4771093316734203
3171;0.29952088133744353
3172;0.41766849672203354
3173;0.3549791327656826
3174;0.3724238647132218
3175;0.5364800908479868
3176;0.5072252616712212
3177;0.31003042308621465
3178;0.5929382966530928
3179;0.3855239173716427
3180;0.3804458975566487
3181;0.4385294920335013
3182;0.6220989159051556
3183;0.39865159561655616
3184;0.2932911387337012
3185;0.4784081558075311
3186;0.41767641597978616
3187;0.31420135319051745
3188;0.39030288250451084
3189;0.6156763435976105
3190;0.4435800470488783
3191;0.3816635412057147
3192;0.4883302471510797
3193;0.4149571236908091
3194;0.416575956335282
3195;0.577107687178728
3196;0.30134806935715863
3197;0.5497820756646917
3198;0.660519172027772
3199;0.5025568679129089
3200;0.2791075693479167
3201;0.45256245778288917
3202;0.668451699045878
3203;0.40784503461070837
3204;0.295574319417615
3205;0.27673727955105204
3206;0.5125128054155609
3207;0.3700242666056795
3208;0.6104410541205058
3209;0.38472287011256096
3210;0.603448081491466
3211;0.37071249111369386
3212;0.2890034877347126
3213;0.4488896347155693
3214;0.31606003088913276
3215;0.584463776522988
3216;0.3559919035910427
3217;0.34472488473158175
3218;0.5361451385026653
3219;0.3829455952271064
3220;0.39881675867030353
3221;0.5929628214502617
3222;0.3568436418211373
3223;0.3434680327476062
3224;0.5955324394319913
3225;0.42016378804407867
3226;0.6083032063838952
3227;0.527268530275222
3228;0.4842992267617644
3229;0.4240878653552375
3230;0.2786876365354276
3231;0.3561130092137255
3232;0.43618136608915775
3233;0.42070183827218244
3234;0.3474998902664033
3235;0.5215251519743284
3236;0.3813597955368162
3237;0.4266225390570579
3238;0.41365639913416014
3239;0.6168301515454648
3240;0.47293055175416665
3241;0.5990213657964892
3242;0.46690289060830487
3243;0.28172150114523636
3244;0.3412107740880589
3245;0.3710878355196091
3246;0.5177021426851587
3247;0.4516314973564346
3248;0.3953554456700416
3249;0.34416850904302443
3250;0.38733572150119056
3251;0.31719625298463383
3252;0.32040947856957563
3253;0.30375572128737566
3254;0.35549303193173537
3255;0.5264152003674296
3256;0.37979251692394805
3257;0.3209137371697076
3258;0.35937183613252444
3259;0.3507461736740651
3260;0.4245237367559359
3261;0.6267130575438946
3262;0.5498845601279573
3263;0.3815875397180338
3264;0.353230864407662
3265;0.4647890392703952
3266;0.45443858725694825
3267;0.577107687178728
3268;0.5986082311624521
3269;0.5010011891332592
3270;0.5084882737293801
3271;0.4367803983870395
3272;0.5849926050532944
3273;0.3514461342448838
3274;0.4966569079096178
3275;0.3746843764628712
3276;0.3751428733045442
3277;0.6118118629268242
3278;0.41061069281650153
3279;0.378385029630563
3280;0.27868783266988995
3281;0.5559447266513222
3282;0.5524227885550445
3283;0.39451766817592676
3284;0.4630679878466374
3285;0.2836237101849569
3286;0.4479634815459379
3287;0.35277397296205226
3288;0.5043651990107202
3289;0.4822546379325877
3290;0.5267365427913291
3291;0.5627109004333535
3292;0.41375957378835554
3293;0.34864643971788206
3294;0.37969531265633555
3295;0.31606781727627664
3296;0.5258831563585847
3297;0.435228809290671
3298;0.5157404330690427
3299;0.42426373301466336
3300;0.41727278467618056
3301;0.3596313891269758
3302;0.43165150067197267
3303;0.2717152239900745
3304;0.37373251332117813
3305;0.34085521026241417
3306;0.28254948987011275
3307;0.36891071198800157
3308;0.3285775645525916
3309;0.3724238647132218
3310;0.41537662245230844
3311;0.49751036512634705
3312;0.3926629683286741
3313;0.38612025004343353
3314;0.5372086468164758
3315;0.27549317111444865
3316;0.6245763950298218
3317;0.393215913668049
3318;0.5185991715921235
3319;0.5376173641919206
3320;0.5455901177560061
3321;0.37977316814881135
3322;0.5194750301071672
3323;0.5218789574955973
3324;0.5086050459432131
3325;0.4177147613794376
3326;0.5377637704373452
3327;0.42795556569205057
3328;0.38307498193461526
3329;0.41984975266268565
3330;0.28133106835381494
3331;0.44461727683434943
3332;0.44461727683434943
3333;0.3047525816161745
3334;0.3680088959229578
3335;0.34979072786495913
3336;0.33296339339218317
3337;0.5000160032807905
3338;0.6673861351021358
3339;0.5450161038835827
3340;0.33371565768699607
3341;0.5350938949157132
3342;0.42115561583575606
3343;0.5583347955669864
3344;0.5559447266513222
3345;0.6396266056581399
3346;0.5254668262943177
3347;0.3998103179460835
3348;0.4203988529838557
3349;0.5308388140057618
3350;0.3754939204400567
3351;0.32060443073517597
3352;0.38204474924463294
3353;0.5045133133096533
3354;0.334030190835031
3355;0.5303637487395155
3356;0.6705063406019185
3357;0.456980359758386
3358;0.5246605289687601
3359;0.3250016337845802
3360;0.40397400123345745
3361;0.3652422417070404
3362;0.3264125271718198
3363;0.4388296770380524
3364;0.6037398086301997
3365;0.4326975286219545
3366;0.409228148624841
3367;0.2845333864744421
3368;0.3633365408326067
3369;0.4134622426761999
3370;0.41727278467618056
3371;0.30177062720877534
3372;0.5991465495412983
3373;0.5071978807786042
3374;0.38090593362209624
3375;0.2857950217158032
3376;0.5183654214857324
3377;0.41917974466750385
3378;0.5292204255750427
3379;0.3700309650958689
3380;0.3081191547400194
3381;0.41829672737341256
3382;0.5039002433421905
3383;0.41588194576900417
3384;0.39774825300507294
3385;0.36128907959339196
3386;0.5446335398171344
3387;0.5459117755391849
3388;0.3755934685227312
3389;0.4216041828123201
3390;0.3591413165995085
3391;0.40130342370979877
3392;0.48590250428721155
3393;0.644322448796654
3394;0.547666687543351
3395;0.3938326665477676
3396;0.4171874901756037
3397;0.3687550465086865
3398;0.6333384061512198
3399;0.4134841743809782
3400;0.36934586452775986
3401;0.3354968818355263
3402;0.4090600548574475
3403;0.27397253940749944
3404;0.3053275526661533
3405;0.3523312271854847
3406;0.2748113010963062
3407;0.2731335424526199
3408;0.41414388749499215
3409;0.6121365929723247
3410;0.5444109188387937
3411;0.4323066033094401
3412;0.5249747602106338
3413;0.6674447876182394
3414;0.2808599398524176
3415;0.4539441084314471
3416;0.3845096413945884
3417;0.38472287011256096
3418;0.35751938050356713
3419;0.42492764159844604
3420;0.38385466138100427
3421;0.421187907787564
3422;0.35897821074574443
3423;0.4568877671482948
3424;0.4851632365329537
3425;0.511163189959875
3426;0.5922111684000984
3427;0.37808789333028126
3428;0.4516161565886082
3429;0.2811060238988744
3430;0.5292444934667907
3431;0.3912544153954525
3432;0.4426159024900347
3433;0.2754326242622659
3434;0.34915065655514127
3435;0.4176752666636102
3436;0.3523595492311821
3437;0.5912272283770147
3438;0.5130278765188271
3439;0.357854894522485
3440;0.31835190913530925
3441;0.5401921654935635
3442;0.36684137359620383
3443;0.4444222109359228
3444;0.37324754349357236
3445;0.6766311455609347
3446;0.5072564624212788
3447;0.2775874662601808
3448;0.40326003676782374
3449;0.33867310884238294
3450;0.49373789628642006
3451;0.5774958031465565
3452;0.46627234166472337
3453;0.3923154317400382
3454;0.4735225042156796
3455;0.47063093171787307
3456;0.42960746953957196
3457;0.2720152684875252
3458;0.322710551986208
3459;0.4193162281896744
3460;0.397361894678524
3461;0.35440148365749835
3462;0.5959034921380751
3463;0.31003042308621465
3464;0.42109767897420375
3465;0.43675319346598274
3466;0.538128367983167
3467;0.37117423622944073
3468;0.6774570521874737
3469;0.2873093974752625
3470;0.5687830679140082
3471;0.30206718806792454
3472;0.4455808743906412
3473;0.4134841743809782
3474;0.5642914489488626
3475;0.643506741545427
3476;0.4051236932618936
3477;0.5423894337701238
3478;0.6119997415051064
3479;0.6192444498969074
3480;0.518328941315773
3481;0.5288239183752248
3482;0.39862809323994963
3483;0.4647890392703952
3484;0.5360113024332925
3485;0.5404156658510642
3486;0.38891627980052457
3487;0.5266446806741132
3488;0.5288294927601209
3489;0.424307216891236
3490;0.6625214470286571
3491;0.4914132544693602
3492;0.5112079611308935
3493;0.4091704027885631
3494;0.4040658681832573
3495;0.39803513528373313
3496;0.4119638954519315
3497;0.3057958439051381
3498;0.3436632620039359
3499;0.38591204132101814
3500;0.2784625339828987
3501;0.3893550037898745
3502;0.39347587054941113
3503;0.5212000346164395
3504;0.3915486649842957
3505;0.4353273273677135
3506;0.6129756061969612
3507;0.4954630001703685
3508;0.36287661669152355
3509;0.4660516935610083
3510;0.38246702513399
3511;0.4930500825507072
3512;0.37656611302795107
3513;0.5358023626458703
3514;0.44016311026704535
3515;0.5499991990562331
3516;0.39735316506642154
3517;0.3659842246964552
3518;0.31808993886128273
3519;0.31473162868668136
3520;0.42024683980756394
3521;0.5438752045641048
3522;0.6351383364496167
3523;0.40471195025959694
3524;0.5910591588711666
3525;0.38090593362209624
3526;0.6620481101003334
3527;0.3429518723038369
3528;0.3084961759026948
3529;0.6277725883393562
3530;0.5932568475032105
3531;0.6260531665894659
3532;0.49485224380566617
3533;0.2819805439815395
3534;0.36127172385517803
3535;0.50668425482673
3536;0.6012442324745558
3537;0.394723975497005
3538;0.6151334995513904
3539;0.31026436179243133
3540;0.36106549849684855
3541;0.5301582937346107
3542;0.5361146259281839
3543;0.5381039096151689
3544;0.2788756208419548
3545;0.39619651692523444
3546;0.2885485439852428
3547;0.42995811369040327
3548;0.3555623537756946
3549;0.2774595648872176
3550;0.40022273774083955
3551;0.2931926458637136
3552;0.3513097754090925
3553;0.4784246602573911
3554;0.41397014811370203
3555;0.40834956124000915
3556;0.27570506878590256
3557;0.5004051224292198
3558;0.5350234388717867
3559;0.4861126446324664
3560;0.347359955404015
3561;0.5377637704373452
3562;0.5009836813371548
3563;0.49208717714482086
3564;0.4441643082401837
3565;0.5337328963777935
3566;0.2919553069980781
3567;0.45256245778288917
3568;0.4154031064137226
3569;0.3315962382516268
3570;0.45625817838241733
3571;0.33288149984542464
3572;0.44774008196175413
3573;0.42194358695153406
3574;0.34970186284034266
3575;0.6207740713736313
3576;0.6704960599694516
3577;0.38186698230274885
3578;0.37299519149735294
3579;0.6628195041481367
3580;0.3790637232933854
3581;0.2790880879953071
3582;0.5835547271549844
3583;0.30139053489265477
3584;0.35818646888942407
3585;0.4346404503477511
3586;0.5312913048633539
3587;0.3754229873518124
3588;0.4353273273677135
3589;0.4567379867887724
3590;0.4433559812717597
3591;0.46654352375891806
3592;0.387415269851048
3593;0.6514351688681856
3594;0.2778304423733311
3595;0.40017507816377434
3596;0.5210552235581326
3597;0.6477520152428051
3598;0.33064907038947305
3599;0.5908584012672896
3600;0.6685156366310012
3601;0.30879439802458164
3602;0.39933232174969524
3603;0.5431049724526773
3604;0.4963713117002705
3605;0.566239580594724
3606;0.49221395627417763
3607;0.5935038384058993
3608;0.3002077969695931
3609;0.461455303768359
3610;0.5763734382125998
3611;0.6637706081858391
3612;0.39771368992189
3613;0.2840276382788106
3614;0.5097086925541967
3615;0.3532049075254208
3616;0.35105171879274655
3617;0.294265818054555
3618;0.2871120661364205
3619;0.3554238507106731
3620;0.5978782443245547
3621;0.494710673073285
3622;0.4710172017483236
3623;0.3853874171757884
3624;0.5201384444358921
3625;0.6626260940922327
3626;0.6619434334068046
3627;0.32307700101828674
3628;0.4281108069574217
3629;0.5112476588874003
3630;0.6187295503120298
3631;0.3650095681935041
3632;0.4915465955198325
3633;0.502210145381392
3634;0.4523772975520924
3635;0.44651864597430374
3636;0.47376555466337644
3637;0.2770258982838659
3638;0.4009427132430794
3639;0.4096087736516374
3640;0.518917159197781
3641;0.5315371326068579
